Swim Time,Bike Time,Run Time,Finish Time
00:46:06,04:03:14,02:32:29,07:27:21
00:46:29,04:03:26,02:37:05,07:32:14
00:46:15,04:03:33,02:38:53,07:33:44
00:47:57,03:57:09,02:45:13,07:35:32
00:45:55,04:08:36,02:35:54,07:35:51
00:50:00,04:07:29,02:34:43,07:37:39
00:45:56,04:06:08,02:41:18,07:38:47
00:49:59,04:07:02,02:36:43,07:39:10
00:46:11,04:03:49,02:44:17,07:39:42
00:50:07,04:07:35,02:39:49,07:42:44
00:49:59,04:06:16,02:40:22,07:43:01
00:48:03,04:08:52,02:40:16,07:43:32
00:46:09,04:03:32,02:51:36,07:46:29
00:50:07,04:06:16,02:44:16,07:46:45
00:52:06,04:06:12,02:43:20,07:47:50
00:52:58,04:10:09,02:38:53,07:48:13
00:50:00,04:06:58,02:45:57,07:48:46
00:52:56,04:09:44,02:41:06,07:49:48
00:46:15,04:10:51,02:46:41,07:49:49
00:45:51,04:04:03,02:54:56,07:50:08
00:46:21,04:10:37,02:47:35,07:50:20
00:53:02,04:09:05,02:44:04,07:51:25
00:50:03,04:13:17,02:43:50,07:52:52
00:48:02,04:13:58,02:45:44,07:53:30
00:46:02,04:11:50,02:49:45,07:54:08
00:46:26,04:00:53,03:01:39,07:55:00
00:50:08,04:07:34,02:51:21,07:55:10
00:50:10,04:06:53,02:52:50,07:55:18
00:47:54,04:08:21,02:53:05,07:55:30
00:51:08,04:10:22,02:51:07,08:00:25
00:55:17,04:13:12,02:48:14,08:02:53
00:48:01,04:09:47,02:59:36,08:03:10
00:47:53,04:09:17,03:01:12,08:03:34
01:02:22,04:16:02,02:40:47,08:05:02
00:52:03,04:10:24,02:56:41,08:05:22
00:50:04,04:15:45,02:53:03,08:05:28
00:50:05,04:17:45,02:50:41,08:06:09
00:47:56,04:08:20,03:02:28,08:06:12
00:46:05,04:03:53,03:15:40,08:10:51
00:49:57,04:12:31,03:04:18,08:13:24
00:47:58,04:09:50,03:09:55,08:14:15
00:55:17,04:20:34,02:53:47,08:14:43
00:55:23,04:20:39,02:53:26,08:15:01
01:02:43,04:11:14,02:55:40,08:16:17
00:50:38,04:12:03,03:08:23,08:17:05
00:50:04,04:25:28,02:58:23,08:20:18
01:00:12,04:20:52,02:56:56,08:24:26
00:52:29,04:18:24,03:07:49,08:25:02
00:53:54,04:23:36,03:01:40,08:25:41
01:12:51,04:16:20,02:50:53,08:26:43
00:59:44,04:14:02,03:06:22,08:27:13
00:53:01,04:34:54,02:53:04,08:27:27
00:51:07,04:23:18,03:06:27,08:27:52
00:55:39,04:28:45,02:57:31,08:28:03
00:55:19,04:31:02,02:57:05,08:29:50
00:57:21,04:31:16,02:55:58,08:31:28
00:56:58,04:37:19,02:50:49,08:31:33
00:52:54,04:10:12,03:23:43,08:32:50
00:50:20,04:28:14,03:09:36,08:33:49
01:04:28,04:28:28,02:54:14,08:34:17
00:58:27,04:33:41,02:54:23,08:35:04
00:58:40,04:32:53,02:57:17,08:36:21
00:53:37,04:26:28,03:10:53,08:36:42
00:56:26,04:35:44,02:57:33,08:37:46
01:04:16,04:30:15,02:56:16,08:38:01
00:50:09,04:27:26,03:12:49,08:38:42
00:57:36,04:33:40,03:00:46,08:38:51
00:48:06,04:13:55,03:28:32,08:38:58
01:07:58,04:26:15,02:58:09,08:40:03
01:03:16,04:39:11,02:50:35,08:40:16
00:50:05,04:06:39,03:37:58,08:41:21
01:09:35,04:29:20,02:56:18,08:41:54
00:51:04,04:42:17,03:03:26,08:45:00
00:56:36,04:33:34,03:06:32,08:45:31
01:02:05,04:31:08,03:04:59,08:46:11
00:55:28,04:42:11,03:02:39,08:47:30
01:06:59,04:38:01,02:55:32,08:47:32
01:00:17,04:41:49,02:58:19,08:47:44
00:55:26,04:35:56,03:08:56,08:48:01
01:00:33,04:45:54,02:54:12,08:48:07
00:56:59,04:32:11,03:11:34,08:49:00
00:53:41,04:35:57,03:12:12,08:49:01
01:12:15,04:26:33,03:03:31,08:49:04
01:03:47,04:41:10,02:56:57,08:49:16
00:52:25,04:24:06,03:25:20,08:49:50
01:00:26,04:39:54,03:01:05,08:50:28
00:57:45,04:30:18,03:15:25,08:50:43
00:47:58,04:57:48,02:59:38,08:52:05
00:59:23,04:26:25,03:16:17,08:52:09
00:52:59,04:29:31,03:24:17,08:52:53
00:53:15,04:46:07,03:07:05,08:52:57
01:00:31,04:30:41,03:14:08,08:53:01
01:00:10,04:41:02,03:01:55,08:53:46
00:50:47,04:25:53,03:29:37,08:53:56
01:01:45,04:37:17,03:04:02,08:54:46
01:06:09,04:27:30,03:11:15,08:54:56
01:01:01,04:32:27,03:12:09,08:55:20
01:02:46,04:31:16,03:13:48,08:56:45
00:55:50,04:41:14,03:12:44,08:57:17
01:05:03,04:28:56,03:14:26,08:57:28
01:05:14,04:27:46,03:17:36,08:57:41
00:55:18,04:44:23,03:07:02,08:57:52
01:00:21,04:41:45,03:07:23,08:58:04
00:55:55,04:31:31,03:22:26,08:58:13
00:59:52,04:50:08,03:00:30,08:58:18
01:01:14,04:37:10,03:10:57,08:58:59
01:01:29,04:35:46,03:11:02,08:59:17
01:00:23,04:41:19,03:08:31,08:59:37
01:02:49,04:45:38,03:03:25,09:00:07
01:02:34,04:43:43,03:04:33,09:00:07
01:02:09,04:38:59,03:11:09,09:00:17
01:03:37,04:44:25,03:05:13,09:00:18
01:14:17,04:40:54,02:57:09,09:00:28
00:59:24,04:38:22,03:15:51,09:00:47
00:58:50,04:42:42,03:10:57,09:00:59
01:05:48,04:31:05,03:15:36,09:01:09
00:50:59,04:39:33,03:23:42,09:02:29
00:55:37,04:27:32,03:32:30,09:02:58
01:03:09,04:36:38,03:15:34,09:03:09
01:04:42,04:38:16,03:11:14,09:03:18
00:56:55,04:44:17,03:14:57,09:04:26
01:02:06,04:39:31,03:14:13,09:04:27
01:02:39,04:45:38,03:08:27,09:04:33
00:58:42,04:43:06,03:15:08,09:04:37
00:57:18,04:43:22,03:16:39,09:04:48
01:05:04,04:47:17,03:05:30,09:04:51
01:05:27,04:30:07,03:22:25,09:05:03
00:59:39,04:38:11,03:20:09,09:05:18
01:05:22,04:39:58,03:12:29,09:05:24
01:06:22,04:41:16,02:52:28,09:07:01
01:01:15,04:29:22,03:28:31,09:07:12
01:05:56,04:36:24,03:16:04,09:07:30
01:03:02,04:45:52,03:10:54,09:07:58
00:56:59,04:45:26,03:16:08,09:08:03
01:03:57,04:45:59,03:06:40,09:08:11
00:59:10,04:40:08,03:19:23,09:08:21
01:04:50,04:46:54,03:06:53,09:08:52
00:59:58,04:46:31,03:15:39,09:08:57
01:05:24,04:38:39,03:17:40,09:09:09
01:07:44,04:43:44,03:04:58,09:09:14
01:03:33,04:50:15,03:06:20,09:09:29
01:01:28,04:40:30,03:20:32,09:10:01
01:07:05,04:33:38,03:20:34,09:10:22
01:06:18,04:41:40,03:13:46,09:10:44
01:03:54,04:44:39,03:14:37,09:11:24
01:04:38,04:38:35,03:20:02,09:11:48
01:09:03,04:37:45,03:18:04,09:12:06
01:09:05,04:45:41,03:07:35,09:12:11
01:02:33,04:31:04,03:32:11,09:12:46
01:02:33,04:41:53,03:18:58,09:12:59
01:10:10,04:29:54,03:23:54,09:14:06
00:59:27,04:42:39,03:22:12,09:14:08
01:09:19,04:46:26,03:09:20,09:14:39
01:03:35,04:36:17,03:26:37,09:14:51
01:01:30,04:53:28,03:11:14,09:15:22
01:04:03,04:40:32,03:21:59,09:15:53
01:06:12,04:42:19,03:19:15,09:15:55
01:07:41,04:42:19,03:17:27,09:16:07
01:07:45,04:41:47,03:18:47,09:16:12
00:53:46,04:57:14,03:16:08,09:16:13
00:51:04,04:41:55,03:37:00,09:16:18
01:00:39,04:47:11,03:19:37,09:16:33
01:09:08,04:51:40,03:07:04,09:16:34
01:04:48,04:37:13,03:25:26,09:17:10
01:12:40,04:31:19,03:26:52,09:17:15
01:14:58,04:28:43,03:23:58,09:17:19
01:01:59,05:02:54,02:58:24,09:17:35
01:11:35,04:36:13,03:19:31,09:17:38
01:05:13,04:30:38,03:34:29,09:18:14
01:12:07,04:47:43,03:09:12,09:18:41
01:00:06,04:42:43,03:28:15,09:18:51
01:11:48,04:39:25,03:17:22,09:18:55
01:15:39,04:42:42,03:11:45,09:19:08
00:53:12,04:39:42,03:37:14,09:19:19
01:03:51,04:43:08,03:25:22,09:19:25
01:07:19,04:59:03,03:06:15,09:19:41
01:14:44,04:45:37,03:10:22,09:19:41
01:07:11,04:28:25,03:36:00,09:20:12
00:58:41,04:36:30,03:36:11,09:20:16
01:06:45,04:49:55,03:13:44,09:21:22
01:01:36,04:39:09,03:27:15,09:21:32
01:00:35,04:39:09,03:31:58,09:21:44
01:08:16,04:56:57,03:06:59,09:22:01
01:03:54,05:02:28,03:03:03,09:22:44
00:58:10,04:43:52,03:32:39,09:22:46
01:07:34,04:36:18,03:29:40,09:22:52
01:12:38,04:47:27,03:13:05,09:22:57
01:07:00,05:04:17,03:01:10,09:22:58
01:04:39,04:41:52,03:27:21,09:23:13
01:11:10,04:38:40,03:23:55,09:23:20
01:12:40,04:44:40,03:18:58,09:23:37
01:12:30,04:46:33,03:16:20,09:23:51
01:08:58,04:49:16,03:17:35,09:24:03
01:04:01,04:59:38,03:09:51,09:24:09
01:11:16,04:45:37,03:15:09,09:24:09
01:05:08,04:44:21,03:22:45,09:24:12
01:01:54,04:50:46,03:18:52,09:24:16
01:03:01,04:45:46,03:23:11,09:24:24
01:04:27,04:50:15,03:22:27,09:24:28
01:03:58,04:50:02,03:21:30,09:24:38
01:08:41,04:58:22,03:05:16,09:24:57
01:16:23,04:46:27,03:14:15,09:25:15
01:00:12,04:48:27,03:24:06,09:25:37
01:09:34,04:41:46,03:25:58,09:25:46
01:06:03,04:30:11,03:42:12,09:26:05
01:01:54,04:47:49,03:25:40,09:26:26
01:06:08,04:53:51,03:18:53,09:26:29
00:55:20,04:39:43,03:43:37,09:26:44
00:56:47,04:42:27,03:39:24,09:26:46
01:20:35,04:30:09,03:27:45,09:26:48
01:11:22,04:47:56,03:20:23,09:27:03
01:00:32,05:08:02,03:08:47,09:27:37
01:00:32,04:52:15,03:22:44,09:28:03
01:07:29,04:40:11,03:31:01,09:28:14
01:13:41,04:38:07,03:26:15,09:28:32
01:05:55,04:39:21,03:32:10,09:28:33
01:08:20,04:50:28,03:21:20,09:28:33
01:00:36,04:57:18,03:22:56,09:28:54
01:10:42,04:47:15,03:21:45,09:29:05
01:08:42,04:52:14,03:16:14,09:29:35
00:52:27,04:48:07,03:41:29,09:30:16
01:10:35,04:49:51,03:21:30,09:30:16
01:01:11,04:42:42,03:36:51,09:30:34
01:08:11,04:58:14,03:16:32,09:30:46
01:03:26,04:36:22,03:43:26,09:30:58
01:00:09,04:45:33,03:37:14,09:31:17
01:11:40,04:46:25,03:24:35,09:31:30
01:02:58,04:49:55,03:32:10,09:31:38
01:23:26,04:43:07,03:16:22,09:31:38
01:17:19,04:36:58,03:26:06,09:31:42
00:59:29,04:47:11,03:37:24,09:31:46
00:53:32,04:45:10,03:43:06,09:31:47
01:03:04,04:52:54,03:29:33,09:31:51
01:06:15,04:56:22,03:18:12,09:31:53
00:53:06,04:38:20,03:51:44,09:32:17
01:14:00,04:46:20,03:24:13,09:32:31
00:56:13,05:02:58,03:24:14,09:32:35
01:07:56,04:51:04,03:25:09,09:32:48
01:08:54,04:36:37,03:40:07,09:32:48
01:33:05,04:38:12,03:11:34,09:33:15
01:04:00,04:45:12,03:35:46,09:33:19
01:00:30,05:03:17,03:22:11,09:33:42
01:10:05,04:57:17,03:16:14,09:33:45
01:03:04,05:08:28,03:14:39,09:34:00
01:15:21,04:47:25,03:23:15,09:34:13
01:06:44,04:55:36,03:23:39,09:34:23
01:17:05,04:46:24,03:22:34,09:34:35
01:09:08,04:56:09,03:18:41,09:34:36
01:09:58,04:43:39,03:28:32,09:34:40
01:09:49,04:56:46,03:21:46,09:35:19
01:11:03,04:48:18,03:26:57,09:35:22
01:13:24,04:43:31,03:28:40,09:35:34
01:12:07,04:44:28,03:31:55,09:35:37
01:18:40,04:55:03,03:14:29,09:35:39
01:03:42,04:51:05,03:31:28,09:35:45
01:14:24,04:47:25,03:23:16,09:36:06
01:10:18,04:45:13,03:34:07,09:36:24
00:57:38,04:53:16,03:37:10,09:36:37
01:13:43,04:56:12,03:16:40,09:36:41
01:25:33,04:47:09,03:15:26,09:36:42
01:05:04,04:51:01,03:26:59,09:37:01
01:08:36,04:54:50,03:23:56,09:37:22
01:18:17,04:46:22,03:23:07,09:37:57
00:59:00,04:45:38,03:45:31,09:38:06
01:13:15,04:55:21,03:20:43,09:38:08
01:04:15,05:03:08,03:21:20,09:38:09
01:08:07,04:48:09,03:32:35,09:38:15
01:01:06,05:20:41,03:07:09,09:38:26
01:10:03,05:01:24,03:16:27,09:38:36
00:55:56,05:10:39,03:24:38,09:38:43
01:04:19,04:49:33,03:35:33,09:38:56
01:08:02,04:48:08,03:32:39,09:39:04
01:09:18,05:08:41,03:11:48,09:39:27
01:06:55,04:48:45,03:35:45,09:39:32
01:04:46,04:51:31,03:32:59,09:39:46
01:05:18,04:40:09,03:45:17,09:39:48
01:07:42,04:56:21,03:25:28,09:39:52
01:10:10,04:52:25,03:26:59,09:39:55
01:24:12,04:57:33,03:09:31,09:40:16
01:22:09,04:57:51,03:10:54,09:40:41
01:10:09,04:55:07,03:23:48,09:40:47
01:11:04,04:51:25,03:27:38,09:41:01
01:11:53,05:01:48,03:17:52,09:41:07
01:13:49,04:49:18,03:28:05,09:41:11
01:02:13,04:45:11,03:45:47,09:41:19
01:11:09,04:48:14,03:34:11,09:41:39
01:08:30,05:02:41,03:22:20,09:41:39
01:02:25,04:56:05,03:31:37,09:41:46
01:08:20,04:47:06,03:36:46,09:41:49
00:55:50,04:56:26,03:41:20,09:42:17
01:06:42,04:55:28,03:30:49,09:42:27
01:19:02,04:49:12,03:24:37,09:42:27
00:57:35,05:06:53,03:29:14,09:42:28
01:04:55,05:00:36,03:27:10,09:42:30
01:19:39,05:01:28,03:09:45,09:42:31
01:05:38,04:48:52,03:35:45,09:42:33
01:09:34,04:48:27,03:30:17,09:42:40
00:58:37,05:00:23,03:31:08,09:42:47
01:19:39,05:00:47,03:13:12,09:42:55
01:11:38,05:02:14,03:18:44,09:43:03
01:18:05,05:07:43,03:07:04,09:43:08
01:05:12,05:03:59,03:24:46,09:43:19
01:06:24,05:03:44,03:22:19,09:43:30
01:09:02,04:50:37,03:35:37,09:43:41
01:14:07,04:55:32,03:25:01,09:43:46
01:12:38,04:50:53,03:27:50,09:43:47
01:00:46,04:57:21,03:38:39,09:44:03
01:12:14,05:03:57,03:18:47,09:44:14
01:00:31,04:49:44,03:42:53,09:44:42
01:08:59,04:50:57,03:31:07,09:44:43
01:14:16,05:09:26,03:09:25,09:44:59
01:04:20,04:42:52,03:49:19,09:45:33
01:11:08,05:02:10,03:17:01,09:45:34
01:04:52,04:52:59,03:38:05,09:45:39
01:14:14,04:50:11,03:32:05,09:45:44
00:59:02,04:56:57,03:38:28,09:45:47
01:03:31,04:54:05,03:38:29,09:45:51
01:10:45,04:55:27,03:30:57,09:45:57
01:14:49,04:42:39,03:39:29,09:45:59
01:20:52,04:52:32,03:23:01,09:46:11
01:04:50,04:54:36,03:36:31,09:46:31
01:11:02,04:33:29,03:51:49,09:46:51
01:05:02,04:51:22,03:40:16,09:47:12
01:16:09,04:58:46,03:22:15,09:47:15
01:12:59,04:53:03,03:29:32,09:47:18
01:29:34,04:46:01,03:21:53,09:47:45
01:05:17,05:07:19,03:25:01,09:47:48
01:07:05,04:57:24,03:35:35,09:47:53
01:09:33,04:49:01,03:41:27,09:48:08
01:06:29,05:04:52,03:26:34,09:48:12
01:17:17,04:53:30,03:27:35,09:48:14
01:08:53,04:58:46,03:30:57,09:48:27
01:04:50,04:56:36,03:36:32,09:48:32
01:16:26,04:55:50,03:25:59,09:48:32
01:02:06,04:39:01,03:59:20,09:48:40
01:03:57,04:52:12,03:45:21,09:49:05
01:06:24,04:53:31,03:40:51,09:49:08
01:10:20,04:45:41,03:47:19,09:49:46
01:08:06,05:03:43,03:28:25,09:49:49
01:17:29,04:42:15,03:39:17,09:49:55
01:05:07,04:55:31,03:40:42,09:49:57
01:00:55,04:57:24,03:39:32,09:50:04
01:00:51,04:56:25,03:44:37,09:50:05
01:16:34,05:03:29,03:16:07,09:50:25
00:55:23,05:09:57,03:36:56,09:50:48
01:01:09,05:01:11,03:40:41,09:50:49
01:05:32,04:56:23,03:39:37,09:50:56
01:06:34,04:45:54,03:48:10,09:51:13
01:10:21,04:40:45,03:50:58,09:51:16
01:14:38,05:02:52,03:24:23,09:51:18
01:16:30,05:04:18,03:17:54,09:51:19
01:23:12,04:56:21,03:23:34,09:51:32
01:03:11,05:06:19,03:31:43,09:51:35
01:19:58,04:58:21,03:24:20,09:51:36
01:11:45,04:52:48,03:36:21,09:51:42
01:06:32,05:08:23,03:28:19,09:51:44
01:07:41,04:44:29,03:50:24,09:51:54
01:20:26,04:49:41,03:31:00,09:51:55
01:13:50,04:48:53,03:38:25,09:52:11
01:04:51,04:55:55,03:39:13,09:52:15
00:58:56,05:08:52,03:36:33,09:52:16
01:16:44,05:01:24,03:25:22,09:52:19
01:08:46,04:49:46,03:45:07,09:52:21
01:11:12,05:06:31,03:26:05,09:52:21
01:09:49,04:54:10,03:38:05,09:52:21
01:01:04,05:05:12,03:34:59,09:52:27
01:12:53,04:46:28,03:44:13,09:52:29
01:09:18,04:57:55,03:33:51,09:52:31
01:13:03,04:47:13,03:40:23,09:52:38
01:11:28,05:02:25,03:28:42,09:52:38
01:00:25,04:51:33,03:48:24,09:52:42
01:03:55,04:48:52,03:49:42,09:52:43
01:07:43,05:16:44,03:11:51,09:52:44
01:13:23,04:59:34,03:28:08,09:53:02
01:11:59,04:52:59,03:33:45,09:53:06
01:08:32,05:01:57,03:30:28,09:53:07
01:26:42,04:58:49,03:16:05,09:53:28
01:31:30,05:01:59,03:09:51,09:53:29
01:11:19,05:13:16,03:16:25,09:53:34
01:19:41,04:58:52,03:23:25,09:53:54
01:00:23,04:39:28,04:05:21,09:54:00
01:03:11,04:51:13,03:48:25,09:54:02
01:06:42,04:50:46,03:45:08,09:54:16
01:08:05,04:54:26,03:40:01,09:54:21
01:16:05,05:00:39,03:29:09,09:54:27
01:08:22,04:55:01,03:39:40,09:54:32
01:14:06,05:05:47,03:25:20,09:54:38
01:18:02,04:54:44,03:29:53,09:54:51
01:07:17,05:10:18,03:26:06,09:54:57
01:08:05,04:58:28,03:37:38,09:54:58
01:13:10,04:48:27,03:43:28,09:55:04
01:24:01,04:56:23,03:19:26,09:55:14
01:03:33,04:40:04,04:00:24,09:55:17
01:20:10,04:48:13,03:38:20,09:55:32
01:08:10,05:07:43,03:28:52,09:55:33
01:15:19,04:41:28,03:48:30,09:55:35
01:03:46,05:07:17,03:35:41,09:55:44
00:51:09,04:57:17,03:57:30,09:55:44
01:09:28,04:59:51,03:33:56,09:55:47
01:09:29,05:01:53,03:33:23,09:56:03
01:11:51,04:48:16,03:46:43,09:56:06
01:02:41,04:48:25,03:57:12,09:56:15
01:06:39,05:15:34,03:20:23,09:56:17
01:01:54,04:51:26,03:52:21,09:56:17
01:18:26,04:53:06,03:35:42,09:56:19
01:05:01,05:11:55,03:30:48,09:56:45
01:07:01,04:44:43,03:56:21,09:57:02
01:14:06,05:07:12,03:24:36,09:57:07
01:03:20,04:45:17,03:57:26,09:57:20
01:21:02,04:56:21,03:26:56,09:57:23
00:53:48,05:20:23,03:29:38,09:57:30
01:19:48,04:56:49,03:32:50,09:57:32
01:07:36,04:59:29,03:39:01,09:57:50
01:14:09,05:15:31,03:19:30,09:57:57
01:03:52,04:55:04,03:49:47,09:58:08
01:11:24,04:51:24,03:46:22,09:58:16
01:11:20,05:03:21,03:36:19,09:58:23
01:16:23,05:04:26,03:28:53,09:58:41
01:09:18,05:12:56,03:25:45,09:58:42
01:14:23,04:47:46,03:47:19,09:58:56
01:12:22,05:02:20,03:35:31,09:59:17
01:10:48,05:01:13,03:37:49,09:59:27
01:13:45,04:59:15,03:33:53,09:59:28
01:10:43,04:59:39,03:40:24,09:59:30
01:00:02,05:23:55,03:23:47,09:59:36
01:07:33,04:55:16,03:44:00,09:59:41
01:07:42,04:54:05,03:47:46,09:59:43
01:00:39,04:45:39,03:58:32,09:59:47
01:04:44,05:12:30,03:34:23,09:59:54
01:21:14,05:03:51,03:26:09,09:59:54
01:06:35,05:01:25,03:40:10,09:59:55
01:20:30,04:48:03,03:36:47,09:59:58
01:12:56,05:00:29,03:35:05,09:59:59
01:25:35,05:00:31,03:19:02,10:00:02
01:11:08,04:49:07,03:51:00,10:00:05
01:11:56,05:04:58,03:28:37,10:00:05
01:06:10,05:05:29,03:38:33,10:00:08
01:15:15,05:10:16,03:21:37,10:00:08
01:20:59,05:07:55,03:17:04,10:00:09
01:17:11,05:09:13,03:21:16,10:00:11
01:07:50,05:12:35,03:31:12,10:00:23
01:15:17,05:04:18,03:26:05,10:00:27
01:04:35,05:01:47,03:43:51,10:00:47
01:18:04,04:55:21,03:37:37,10:00:52
01:18:12,05:03:59,03:27:11,10:01:04
01:16:59,05:08:49,03:25:11,10:01:05
01:32:31,05:04:46,03:12:03,10:01:28
01:02:33,04:53:10,03:57:56,10:01:32
01:09:45,05:05:42,03:35:02,10:01:47
01:14:35,05:12:37,03:25:44,10:01:56
01:07:19,04:55:35,03:42:11,10:02:07
01:05:28,05:04:17,03:40:01,10:02:09
01:03:30,05:05:09,03:42:52,10:02:30
01:15:29,05:11:16,03:25:23,10:02:32
01:08:52,04:48:31,03:56:45,10:02:47
00:59:42,05:16:59,03:29:51,10:02:51
01:10:19,04:37:24,04:06:51,10:03:20
00:53:52,05:32:21,03:31:08,10:03:52
01:02:59,05:08:12,03:43:01,10:03:53
01:15:40,05:05:23,03:33:25,10:03:59
01:11:41,04:59:28,03:41:33,10:04:04
01:13:23,04:54:40,03:45:11,10:04:25
01:26:02,05:00:14,03:19:14,10:04:28
01:20:56,04:59:01,03:25:20,10:04:58
01:14:11,05:28:06,03:07:19,10:04:59
01:13:31,04:59:55,03:41:48,10:05:14
01:10:35,05:02:55,03:41:14,10:05:18
01:10:12,05:21:37,03:22:47,10:05:20
01:22:24,04:55:05,03:33:23,10:05:20
01:10:51,05:11:04,03:32:18,10:05:21
01:14:38,04:58:06,03:40:09,10:05:39
01:15:57,05:18:28,03:20:34,10:06:17
01:00:59,04:57:51,03:55:17,10:06:20
01:10:40,05:14:04,03:30:46,10:06:21
01:15:27,05:09:01,03:31:05,10:06:25
01:30:09,05:05:03,03:21:25,10:06:36
01:02:41,05:00:38,03:53:46,10:06:39
01:18:56,04:57:26,03:39:52,10:06:44
01:09:42,05:08:33,03:35:15,10:06:47
01:15:47,05:01:25,03:36:53,10:06:53
01:22:27,04:52:18,03:34:23,10:07:04
01:13:21,04:57:27,03:43:39,10:07:07
01:06:21,05:11:29,03:40:17,10:07:29
01:09:23,04:51:51,03:56:17,10:07:49
01:17:39,05:04:40,03:33:37,10:07:50
01:16:31,05:12:38,03:29:30,10:08:15
01:09:58,05:24:24,03:23:15,10:08:18
01:12:06,04:54:12,03:52:45,10:08:24
01:20:34,04:55:18,03:41:21,10:08:35
01:05:07,05:07:33,03:46:52,10:08:52
01:13:22,05:09:33,03:35:51,10:08:54
01:20:31,05:12:48,03:19:55,10:08:56
01:34:31,04:49:20,03:34:37,10:08:59
01:08:49,05:09:35,03:39:25,10:09:07
01:19:59,05:16:34,03:22:33,10:09:07
01:17:06,05:01:05,03:38:45,10:09:16
01:14:42,05:04:26,03:40:33,10:09:29
01:26:20,04:53:03,03:35:46,10:09:49
01:12:58,05:03:55,03:43:45,10:09:50
01:14:18,04:55:54,03:47:13,10:09:55
01:09:41,05:08:53,03:41:08,10:09:58
01:13:33,05:16:01,03:32:10,10:10:02
01:17:13,05:03:50,03:39:46,10:10:08
01:12:14,05:05:39,03:37:51,10:10:14
01:02:03,05:00:13,03:59:51,10:10:22
01:14:34,04:51:01,03:49:22,10:10:23
01:16:37,04:49:38,03:54:25,10:10:26
01:00:34,05:02:33,03:54:01,10:10:40
01:25:40,05:02:02,03:31:28,10:10:41
01:09:58,04:49:45,04:02:54,10:10:43
01:28:02,04:53:03,03:38:41,10:11:22
01:08:41,04:57:47,03:54:09,10:11:33
01:13:40,04:48:45,03:56:45,10:11:48
01:03:51,05:04:49,03:51:37,10:11:56
01:30:11,04:58:23,03:32:36,10:12:13
01:26:16,04:59:07,03:33:54,10:12:21
01:18:54,05:01:04,03:39:00,10:12:21
01:00:32,05:07:37,03:54:57,10:12:23
01:18:19,05:17:36,03:22:10,10:12:30
01:19:55,05:00:21,03:42:24,10:12:44
01:33:13,04:59:55,03:29:02,10:12:46
01:15:04,05:03:47,03:40:28,10:13:12
01:13:36,04:56:39,03:51:31,10:13:14
01:17:45,04:57:10,03:49:03,10:13:17
01:10:45,04:50:01,04:00:45,10:13:18
01:03:37,04:49:43,04:12:09,10:13:20
01:15:44,05:03:00,03:44:01,10:13:28
01:18:22,04:56:29,03:47:55,10:13:34
01:19:45,04:54:20,03:49:25,10:13:38
01:14:47,04:45:36,04:00:58,10:13:46
01:14:06,04:56:14,03:54:11,10:13:54
01:28:26,04:59:15,03:29:43,10:14:02
01:09:17,05:01:04,03:51:39,10:14:08
01:16:22,04:55:05,03:54:47,10:14:09
01:17:42,05:05:12,03:36:22,10:14:12
01:13:58,05:04:10,03:36:48,10:14:15
01:32:45,05:28:22,03:00:48,10:14:23
01:15:51,05:02:57,03:49:13,10:14:50
01:09:06,05:01:00,03:53:59,10:14:50
01:23:18,05:09:03,03:26:12,10:14:52
01:08:31,04:59:02,03:53:36,10:14:56
01:06:50,05:28:07,03:27:24,10:15:00
01:09:42,05:28:22,03:24:04,10:15:00
01:12:51,05:06:37,03:40:32,10:15:05
01:12:59,05:06:49,03:41:01,10:15:07
01:20:43,05:05:51,03:35:51,10:15:11
01:00:17,05:00:26,04:03:24,10:15:12
01:08:10,04:59:32,03:53:49,10:15:14
01:14:41,05:01:17,03:47:26,10:15:20
01:17:08,05:04:43,03:46:00,10:15:37
01:20:25,05:00:16,03:41:50,10:15:40
01:30:56,05:00:32,03:26:53,10:15:40
01:10:44,05:18:00,03:37:27,10:15:58
01:06:55,05:34:02,03:24:36,10:16:06
00:59:31,05:16:17,03:46:46,10:16:25
00:59:14,05:18:46,03:49:37,10:16:26
01:08:19,04:45:29,04:14:09,10:16:37
01:09:50,04:44:34,04:10:54,10:16:38
01:12:50,05:00:07,03:52:53,10:16:42
01:19:10,05:09:16,03:34:28,10:17:27
01:18:19,05:05:24,03:40:25,10:17:32
01:06:47,04:52:44,04:05:54,10:17:42
01:31:02,04:57:54,03:30:53,10:17:58
01:26:19,05:08:32,03:32:03,10:18:02
01:20:06,04:59:10,03:48:20,10:18:06
01:06:26,04:59:23,04:03:20,10:18:17
01:09:27,05:20:02,03:34:08,10:18:23
01:02:24,04:48:14,04:16:27,10:18:27
01:14:46,05:17:46,03:33:48,10:18:28
01:13:23,04:52:30,03:59:22,10:18:28
01:16:17,05:00:29,03:51:21,10:18:31
01:09:56,05:07:24,03:44:01,10:18:36
01:14:27,04:55:24,03:57:15,10:18:40
01:16:12,04:57:52,03:53:16,10:19:03
01:25:36,05:00:08,03:43:06,10:19:08
01:15:13,04:58:18,03:51:26,10:19:12
01:10:30,05:27:28,03:30:47,10:19:13
01:19:29,04:56:31,03:54:56,10:19:13
01:14:10,05:15:31,03:37:24,10:19:48
01:26:21,04:59:39,03:41:02,10:20:12
01:10:04,05:17:51,03:42:18,10:20:18
01:09:27,05:17:04,03:38:07,10:20:19
01:04:27,05:05:57,04:00:50,10:20:38
01:04:17,05:13:10,03:53:07,10:20:42
01:07:22,05:19:10,03:46:24,10:20:43
01:03:31,05:08:28,03:59:45,10:20:54
01:21:24,04:52:37,03:58:01,10:21:04
01:19:51,04:57:28,03:53:26,10:21:20
00:57:19,05:07:41,04:07:45,10:21:41
01:12:35,05:18:39,03:36:04,10:21:44
01:13:38,04:52:46,04:01:14,10:21:45
01:00:12,05:16:15,03:51:14,10:21:50
01:07:33,05:21:12,03:40:46,10:21:50
01:10:55,05:08:12,03:50:21,10:21:52
00:55:41,04:53:16,04:19:10,10:21:52
01:17:46,05:03:30,03:52:53,10:21:53
01:14:46,05:11:35,03:47:16,10:21:54
01:00:22,04:54:56,04:18:27,10:21:55
01:03:23,05:11:22,03:54:14,10:21:59
01:16:27,05:13:31,03:37:32,10:22:04
01:32:29,05:08:36,03:31:06,10:22:05
01:04:15,05:14:07,03:49:41,10:22:07
01:09:55,05:27:56,03:30:36,10:22:11
01:09:37,05:01:42,04:00:21,10:22:19
01:11:59,04:53:31,04:01:33,10:22:28
01:08:47,05:05:39,03:59:50,10:22:36
01:04:13,04:58:47,04:07:02,10:22:38
01:23:08,05:03:35,03:43:28,10:23:23
01:20:41,04:54:24,03:53:16,10:23:30
01:15:39,05:15:33,03:37:20,10:23:32
01:03:12,05:12:04,03:56:39,10:23:33
01:17:20,04:56:53,03:55:58,10:23:52
01:06:39,05:13:15,03:51:18,10:23:52
01:17:05,05:05:25,03:44:47,10:24:15
01:18:16,04:52:05,04:02:24,10:24:18
01:12:02,05:12:29,03:44:09,10:24:20
01:10:53,05:02:19,03:55:48,10:24:30
01:07:06,05:08:34,03:58:21,10:24:40
01:19:24,05:00:32,03:56:48,10:24:46
01:12:22,05:12:39,03:49:59,10:24:48
01:06:25,05:04:38,04:01:56,10:24:53
01:24:21,05:11:15,03:38:29,10:25:00
01:08:25,05:13:17,03:52:39,10:25:04
01:17:56,05:18:42,03:33:41,10:25:08
01:28:02,04:47:01,04:00:30,10:25:20
01:34:11,05:01:05,03:32:41,10:25:21
01:04:39,05:20:21,03:51:00,10:25:22
01:05:33,05:07:15,03:54:06,10:25:26
01:10:31,05:06:58,03:56:56,10:25:35
01:19:00,05:16:59,03:40:34,10:25:46
01:11:41,05:22:07,03:41:18,10:25:50
01:12:07,05:08:20,03:55:15,10:26:01
01:21:06,05:20:03,03:31:05,10:26:15
01:27:01,05:00:33,03:41:49,10:26:17
01:30:24,05:02:39,03:39:26,10:26:22
01:07:56,05:05:31,04:02:54,10:26:23
01:10:42,05:21:31,03:41:23,10:26:25
01:21:40,05:11:24,03:43:37,10:26:26
00:58:36,05:25:31,03:50:56,10:26:26
01:27:57,05:04:10,03:39:22,10:26:27
01:10:37,04:46:47,04:14:49,10:26:38
01:08:29,05:20:00,03:46:44,10:26:46
01:12:08,05:04:09,04:01:48,10:26:50
01:15:07,04:58:35,03:58:54,10:27:16
01:07:24,05:08:42,03:57:56,10:27:18
01:06:55,04:59:22,04:11:22,10:27:30
01:16:27,05:09:25,03:47:48,10:27:31
01:07:08,05:10:33,03:58:22,10:27:34
01:10:41,05:22:49,03:42:41,10:27:49
01:18:42,05:12:42,03:44:13,10:28:03
01:23:39,05:09:48,03:37:10,10:28:07
01:19:03,04:56:39,03:58:23,10:28:14
01:25:39,05:08:56,03:32:04,10:28:20
01:09:58,05:05:28,04:04:03,10:28:22
01:15:40,05:01:06,04:00:14,10:28:28
01:10:56,05:24:34,03:41:27,10:28:42
01:18:58,05:14:41,03:43:25,10:28:44
01:18:26,04:47:40,04:02:05,10:28:51
01:20:37,05:10:09,03:45:22,10:28:52
01:14:06,05:04:36,03:57:48,10:28:55
01:10:29,05:02:52,04:05:59,10:29:03
01:05:37,04:59:15,04:15:05,10:29:14
01:25:59,05:09:18,03:41:51,10:29:16
01:06:24,05:16:54,03:54:06,10:29:17
01:15:47,05:02:50,03:57:13,10:29:18
01:15:56,04:50:20,04:11:31,10:29:18
01:11:12,05:03:55,04:03:57,10:29:20
01:11:47,05:06:19,03:58:44,10:29:27
01:36:49,04:58:56,03:43:02,10:29:28
01:11:00,05:07:00,03:57:24,10:29:36
01:10:41,05:19:59,03:44:04,10:29:38
01:15:08,05:14:15,03:48:12,10:29:41
01:03:03,04:58:14,04:16:56,10:29:51
01:09:53,05:22:13,03:47:02,10:29:59
01:09:20,05:15:33,03:55:12,10:30:01
01:16:23,05:15:45,03:47:30,10:30:10
01:11:58,05:11:37,03:51:37,10:30:16
01:44:05,04:43:24,03:50:05,10:30:21
01:09:14,05:09:32,03:54:57,10:30:24
01:03:40,05:06:50,04:10:36,10:30:39
01:02:37,05:12:19,04:02:24,10:30:44
01:27:11,05:06:12,03:43:17,10:30:55
01:12:25,05:08:27,04:02:02,10:31:06
01:17:59,04:50:49,04:10:52,10:31:07
01:27:16,05:14:03,03:40:16,10:31:19
01:08:45,05:28:40,03:40:03,10:31:21
01:10:33,05:01:26,04:11:06,10:31:36
01:26:48,05:05:37,03:42:37,10:31:40
01:14:51,05:20:29,03:44:01,10:31:43
01:08:44,04:48:58,04:20:34,10:31:44
01:07:18,05:32:11,03:40:47,10:31:50
01:14:40,05:09:58,03:53:17,10:31:55
01:13:19,05:04:35,04:04:47,10:32:08
00:52:36,05:33:55,03:53:17,10:32:10
01:18:36,05:22:05,03:36:54,10:32:14
01:11:14,05:13:08,03:53:24,10:32:16
01:09:51,05:05:53,04:06:24,10:32:21
01:01:06,05:27:03,03:54:09,10:32:28
01:28:02,05:14:56,03:36:28,10:32:32
01:10:55,05:13:21,03:56:02,10:32:34
01:13:57,04:58:55,04:09:31,10:32:36
01:35:52,05:07:40,03:36:33,10:32:39
01:22:18,04:59:51,04:01:10,10:32:51
01:23:31,05:17:47,03:37:15,10:32:59
01:13:05,05:17:04,03:51:34,10:33:21
01:12:42,05:35:53,03:32:40,10:33:23
01:14:42,05:31:13,03:27:52,10:33:27
01:03:44,05:05:07,04:10:24,10:33:29
01:08:22,05:04:37,04:06:37,10:33:49
01:14:44,05:08:10,03:45:12,10:34:11
01:10:05,05:07:41,04:05:52,10:34:14
01:10:11,04:56:06,04:17:44,10:34:22
01:22:38,05:11:40,03:46:38,10:34:31
01:24:19,05:17:06,03:38:11,10:34:32
01:20:29,05:09:51,03:52:10,10:34:33
01:08:21,05:12:56,03:54:48,10:34:36
01:15:52,05:15:27,03:52:24,10:34:38
01:18:49,05:15:26,03:49:40,10:34:39
01:31:28,04:53:43,03:58:35,10:34:52
01:22:34,05:00:08,03:57:32,10:34:58
01:27:50,05:07:39,03:44:43,10:35:01
01:11:47,05:26:00,03:42:01,10:35:02
01:13:48,05:23:13,03:38:36,10:35:11
01:04:13,05:00:16,04:20:48,10:35:12
01:18:43,05:07:50,03:56:37,10:35:18
01:19:00,05:19:33,03:38:22,10:35:37
01:21:04,05:07:37,03:54:53,10:35:39
01:15:01,05:31:40,03:25:09,10:36:04
01:09:17,05:00:16,04:16:39,10:36:08
01:22:58,05:08:15,03:52:05,10:36:10
01:07:14,05:22:59,03:56:48,10:36:14
01:12:49,05:03:41,04:09:25,10:36:16
01:13:50,04:59:53,04:11:29,10:36:17
01:17:38,05:03:32,03:59:56,10:36:26
00:59:15,05:13:23,04:13:41,10:36:27
01:20:54,04:54:33,04:13:24,10:36:27
01:13:46,05:09:44,03:57:20,10:36:29
01:07:38,05:10:51,04:04:48,10:36:38
01:21:21,04:56:45,04:06:05,10:36:43
01:20:18,04:58:58,04:02:51,10:36:46
01:19:45,05:17:59,03:46:17,10:36:48
01:08:54,05:09:40,04:07:02,10:36:48
01:12:34,05:16:32,03:53:31,10:36:51
01:09:13,05:32:56,03:39:31,10:37:01
01:10:43,05:42:40,03:28:37,10:37:03
01:14:06,05:14:48,03:56:22,10:37:06
01:20:29,05:05:27,03:56:25,10:37:07
01:16:46,05:14:37,03:56:26,10:37:25
01:19:16,05:23:08,03:42:03,10:37:34
01:20:06,05:21:36,03:45:38,10:37:36
01:21:54,05:11:37,03:53:15,10:37:37
01:19:59,05:08:09,03:58:09,10:37:44
01:10:21,05:13:24,03:59:38,10:37:45
01:12:50,05:11:37,03:57:25,10:37:50
01:14:42,05:04:42,04:06:31,10:38:27
01:15:41,05:06:04,04:07:16,10:38:37
01:04:53,05:11:51,04:10:32,10:38:52
01:22:14,05:05:09,03:58:41,10:38:53
01:17:49,05:14:03,03:52:29,10:38:57
01:28:02,04:49:55,04:07:38,10:38:58
01:14:55,05:45:04,03:25:05,10:39:08
01:23:50,04:48:58,04:13:25,10:39:11
01:16:23,05:00:23,04:12:08,10:39:12
01:17:30,05:09:00,04:03:04,10:39:15
01:07:43,05:14:07,04:04:31,10:39:36
01:18:20,05:28:52,03:34:52,10:39:40
01:25:10,05:11:29,03:50:50,10:39:41
01:13:32,05:16:09,03:48:33,10:40:03
01:34:04,05:17:04,03:35:47,10:40:13
01:19:55,05:14:51,03:45:42,10:40:21
01:03:16,05:12:29,04:11:07,10:40:24
01:10:22,05:14:11,04:04:26,10:40:32
01:15:27,05:09:37,04:03:10,10:40:47
01:17:25,05:33:11,03:38:28,10:40:54
01:14:17,05:19:05,03:55:32,10:41:11
01:17:05,05:13:25,04:02:30,10:41:14
01:23:04,05:23:37,03:41:46,10:41:17
01:20:54,04:54:56,03:59:51,10:41:19
01:16:15,05:24:53,03:48:53,10:41:21
01:14:32,05:15:28,03:59:36,10:41:22
01:10:22,05:13:12,04:05:59,10:41:24
01:26:30,05:06:17,03:58:52,10:41:47
01:01:27,05:11:08,04:18:22,10:41:50
01:17:45,04:50:05,04:19:54,10:41:57
01:29:28,05:01:27,03:50:34,10:41:59
01:11:40,05:21:04,03:55:38,10:42:24
01:25:48,05:18:55,03:44:40,10:42:28
01:25:08,05:07:07,03:54:32,10:42:28
01:12:11,05:06:33,04:11:47,10:42:30
01:19:07,05:21:25,03:50:49,10:42:49
01:12:38,04:50:58,04:25:47,10:43:09
01:12:13,05:18:38,04:02:47,10:43:33
01:07:38,05:20:32,04:02:32,10:43:35
01:07:51,05:05:59,04:17:44,10:43:40
01:26:27,05:11:46,03:57:09,10:44:10
01:16:57,05:04:08,04:12:06,10:44:24
01:14:45,05:38:46,03:39:51,10:44:33
01:12:35,05:23:42,03:53:31,10:44:44
01:25:09,05:18:40,03:44:55,10:45:02
01:12:08,05:16:30,04:03:08,10:45:06
01:26:55,05:37:33,03:20:08,10:45:12
01:18:34,05:20:48,03:54:39,10:45:18
01:07:21,05:08:48,04:15:34,10:45:24
01:21:45,05:06:53,04:03:37,10:45:24
01:13:40,05:05:19,04:15:20,10:45:53
01:09:44,04:56:45,04:30:08,10:45:54
01:12:36,05:32:04,03:47:56,10:45:54
01:13:08,05:35:34,03:43:34,10:46:02
01:21:39,05:16:55,03:52:36,10:46:07
01:37:06,05:08:37,03:50:47,10:46:14
01:18:23,05:46:06,03:32:14,10:46:14
01:22:36,05:26:51,03:41:25,10:46:22
01:21:05,05:20:52,03:49:56,10:46:29
01:33:59,05:07:56,03:50:33,10:46:30
01:25:40,05:10:17,03:58:02,10:46:35
01:18:36,05:21:09,03:54:43,10:46:42
01:22:39,05:20:20,03:50:24,10:46:47
01:03:38,05:16:04,04:12:46,10:46:47
01:08:27,05:19:25,04:06:22,10:46:56
01:06:14,05:25:45,03:55:44,10:47:06
01:03:35,05:18:42,04:14:05,10:47:14
01:33:55,05:11:32,03:48:03,10:47:26
01:19:10,05:23:25,03:53:57,10:47:27
01:09:46,05:00:48,04:14:37,10:47:28
01:09:34,05:16:06,04:05:06,10:47:33
01:22:20,05:26:54,03:49:36,10:47:36
01:22:41,05:24:00,03:48:24,10:47:50
01:18:24,05:20:37,03:57:18,10:47:57
01:12:32,05:05:02,04:18:08,10:48:04
01:36:28,05:01:51,03:55:48,10:48:06
01:06:36,05:25:57,04:01:20,10:48:13
01:10:01,05:10:26,04:16:32,10:48:16
01:19:42,05:27:36,03:46:24,10:48:49
01:21:15,05:38:49,03:34:09,10:49:20
01:23:18,05:13:53,03:55:05,10:49:37
01:10:09,05:25:48,03:58:45,10:49:38
01:19:23,05:07:19,04:12:30,10:49:45
01:12:14,05:24:28,04:05:42,10:49:45
01:06:53,05:35:01,03:53:15,10:49:46
01:19:07,05:05:05,04:14:06,10:49:49
01:36:36,05:31:26,03:30:09,10:49:52
00:48:15,05:10:40,04:38:54,10:49:54
01:16:15,05:31:03,03:49:41,10:49:55
01:15:50,05:38:08,03:46:18,10:50:05
01:10:09,05:11:30,04:17:33,10:50:20
01:27:26,05:25:45,03:44:23,10:50:21
01:22:27,05:34:08,03:40:34,10:50:27
01:09:17,05:14:49,04:14:12,10:50:28
01:18:45,05:28:50,03:51:58,10:50:40
01:08:32,05:50:52,03:38:06,10:50:49
01:01:52,05:16:23,04:23:14,10:50:53
01:15:21,05:23:46,03:55:23,10:50:56
01:23:45,05:26:33,03:47:37,10:50:57
01:22:43,05:13:06,03:59:55,10:51:00
01:15:38,05:09:30,04:17:26,10:51:12
01:20:55,05:12:35,04:00:05,10:51:24
01:36:03,05:11:28,03:48:48,10:51:32
01:16:23,05:21:55,04:04:38,10:51:43
01:24:07,05:20:39,03:54:28,10:51:54
01:08:03,05:55:53,03:34:19,10:51:54
01:28:16,05:07:57,04:01:48,10:51:56
01:05:20,05:16:51,04:09:38,10:52:00
01:15:39,05:13:02,04:10:27,10:52:00
01:15:25,05:36:43,03:42:28,10:52:05
01:23:09,05:09:50,04:07:39,10:52:07
01:20:08,04:58:39,04:22:43,10:52:10
01:05:16,05:04:01,04:31:39,10:52:11
01:20:40,05:11:03,04:05:29,10:52:17
01:11:18,05:07:47,04:13:45,10:52:19
01:21:49,05:20:35,03:59:18,10:52:19
01:26:24,04:53:36,04:24:01,10:52:25
01:08:49,05:32:58,03:54:34,10:52:38
01:14:42,05:11:35,04:13:05,10:52:46
01:12:36,05:09:20,04:14:51,10:53:01
01:08:47,05:21:55,04:07:51,10:53:22
01:12:32,05:16:29,04:10:38,10:53:25
01:38:12,05:25:06,03:37:51,10:53:37
01:29:34,05:19:45,03:53:44,10:53:43
01:08:20,05:16:44,04:16:48,10:53:48
01:24:22,05:10:03,04:04:36,10:54:09
01:22:54,05:31:48,03:45:23,10:54:18
01:26:20,05:16:51,03:55:43,10:54:20
01:25:59,05:22:59,03:52:12,10:54:26
01:03:03,05:20:53,04:20:26,10:54:27
01:27:21,05:07:53,04:04:55,10:54:30
01:24:15,05:27:28,03:46:33,10:54:33
01:15:23,05:42:26,03:44:49,10:54:41
01:12:24,05:17:08,04:14:46,10:55:00
01:27:04,05:18:06,03:52:15,10:55:09
01:29:51,05:19:59,03:51:11,10:55:10
01:16:10,05:25:35,04:02:05,10:55:11
01:04:13,05:32:06,04:04:12,10:55:23
01:06:28,05:15:20,04:19:18,10:55:26
01:27:20,05:18:49,03:55:34,10:55:29
01:33:44,05:19:44,03:50:24,10:55:34
01:26:28,05:26:51,03:45:46,10:55:47
01:24:59,04:58:54,04:20:00,10:55:48
01:16:41,05:26:12,04:00:01,10:55:53
01:24:45,05:35:43,03:39:02,10:56:08
01:50:15,05:12:55,03:44:09,10:56:14
01:21:31,05:25:10,03:59:42,10:56:14
01:22:24,05:30:51,03:47:24,10:56:17
01:11:57,05:21:12,04:09:55,10:56:19
01:21:52,05:27:11,03:56:55,10:56:20
01:21:41,05:09:19,04:10:22,10:56:23
01:10:13,05:19:58,04:14:36,10:56:33
01:14:28,05:30:26,04:00:45,10:56:36
01:12:50,05:21:57,04:08:13,10:56:46
01:11:58,05:14:08,04:18:46,10:56:56
01:10:28,05:41:34,03:51:22,10:56:56
01:17:34,05:21:32,04:04:39,10:57:01
01:15:13,05:09:55,04:16:54,10:57:08
01:07:00,05:21:41,04:16:15,10:57:15
01:08:38,05:09:49,04:28:18,10:57:35
01:25:08,05:14:26,04:05:54,10:57:37
01:20:11,05:10:35,04:15:40,10:57:41
01:32:02,05:15:04,03:57:11,10:57:41
01:20:34,05:22:54,04:01:12,10:57:42
01:20:29,05:40:28,03:41:02,10:57:44
01:27:03,05:24:45,03:53:52,10:57:47
01:21:08,04:54:31,04:16:20,10:57:49
01:20:17,05:22:53,04:02:30,10:57:57
01:14:35,05:34:09,03:57:54,10:57:58
01:19:02,05:35:40,03:41:50,10:58:02
00:58:54,05:55:15,03:46:04,10:58:13
01:17:10,05:33:42,03:54:21,10:58:26
01:44:13,05:16:02,03:42:17,10:58:27
01:15:20,05:15:01,04:16:55,10:58:27
01:07:38,05:06:34,04:32:39,10:58:41
01:20:16,05:38:52,03:47:50,10:58:41
01:10:18,05:28:03,04:06:46,10:58:57
01:20:51,05:07:00,04:07:08,10:58:59
01:22:42,05:17:54,04:04:03,10:59:21
01:14:57,05:07:46,04:22:20,10:59:21
01:17:43,05:27:52,04:00:11,10:59:22
01:16:38,05:10:54,04:21:39,10:59:27
01:21:16,05:20:59,04:06:06,11:00:00
01:11:58,05:26:37,04:09:24,11:00:01
01:07:49,05:34:51,04:00:55,11:00:06
01:36:43,05:21:36,03:41:14,11:00:26
01:29:04,05:11:42,04:07:25,11:00:31
01:17:09,05:18:08,04:08:24,11:00:34
01:33:14,05:31:32,03:45:50,11:00:41
01:12:04,05:18:03,04:14:26,11:00:43
01:30:18,05:33:53,03:42:55,11:00:44
01:23:10,05:34:45,03:49:07,11:00:44
01:26:08,05:38:19,03:44:41,11:00:46
01:23:28,05:25:36,04:00:46,11:00:48
01:22:23,05:14:12,04:03:36,11:01:02
01:00:44,04:53:15,04:56:24,11:01:02
01:09:34,05:24:18,04:12:32,11:01:02
01:11:05,05:33:25,04:02:47,11:01:09
01:19:28,05:12:37,04:14:06,11:01:13
01:13:16,05:12:30,04:23:03,11:01:28
01:10:39,05:36:23,04:03:11,11:01:37
01:08:20,05:03:26,04:29:52,11:01:45
01:24:50,05:07:48,04:10:15,11:02:04
01:19:40,05:23:27,04:04:22,11:02:23
01:20:07,05:14:59,04:17:31,11:02:31
01:23:54,05:15:23,04:12:11,11:02:40
01:16:28,05:23:09,04:09:03,11:02:42
01:24:11,05:28:00,03:54:09,11:02:50
01:10:26,05:24:49,04:16:28,11:02:50
01:23:06,05:20:05,04:02:13,11:02:53
01:10:11,05:26:43,04:09:39,11:02:58
01:20:01,05:31:33,03:51:49,11:03:01
01:19:25,05:22:26,04:08:37,11:03:04
01:22:21,05:28:01,03:58:04,11:03:07
01:14:18,05:24:06,04:10:34,11:03:15
01:23:24,05:50:07,03:33:42,11:03:16
01:22:28,05:30:04,03:50:37,11:03:30
01:04:28,05:26:27,04:14:47,11:03:38
01:24:38,05:15:30,04:07:11,11:03:51
01:34:39,05:23:28,03:49:37,11:03:51
01:21:21,05:23:33,04:05:53,11:03:58
01:33:53,05:38:13,03:37:21,11:03:59
01:19:20,05:39:59,03:54:26,11:04:27
01:06:25,04:50:32,04:56:29,11:04:47
01:32:58,05:18:39,03:51:40,11:04:50
01:00:53,05:26:09,04:20:25,11:04:56
01:01:58,04:57:49,04:47:16,11:05:07
01:14:40,05:00:46,04:34:23,11:05:09
01:45:13,05:07:04,03:57:31,11:05:29
01:31:02,05:14:46,04:10:13,11:05:32
01:13:09,05:30:32,03:57:53,11:05:41
01:07:22,05:15:13,04:28:45,11:05:49
01:08:09,05:02:13,04:42:55,11:05:50
01:28:31,05:16:02,04:09:05,11:06:00
01:13:17,05:27:07,04:11:16,11:06:02
01:49:57,05:34:56,03:28:31,11:06:07
01:30:31,05:29:06,03:52:30,11:06:08
01:23:59,05:23:08,04:05:07,11:06:11
01:18:16,05:03:26,04:30:12,11:06:18
01:47:04,05:17:44,03:51:09,11:07:00
01:20:56,05:40:40,03:48:17,11:07:04
01:05:22,05:23:29,04:28:48,11:07:04
01:22:01,05:17:22,04:14:37,11:07:05
01:12:57,05:36:24,03:59:55,11:07:05
01:20:16,05:27:06,04:03:21,11:07:13
01:40:58,05:20:58,03:50:41,11:07:17
01:06:53,05:53:10,03:53:19,11:07:17
01:21:49,05:29:19,04:03:57,11:07:27
01:05:02,05:44:55,04:01:22,11:07:38
01:31:42,05:45:23,03:37:42,11:07:44
01:01:06,05:14:51,04:37:16,11:07:48
01:36:48,05:18:07,03:54:30,11:07:55
01:24:55,05:23:14,04:08:01,11:07:56
01:12:51,05:26:39,04:18:07,11:07:58
01:26:29,04:58:35,04:25:53,11:08:00
01:30:16,05:08:14,04:15:13,11:08:02
01:08:47,05:24:48,04:24:41,11:08:06
01:27:51,05:22:58,04:03:54,11:08:10
01:12:49,06:08:18,03:33:56,11:08:23
01:14:34,05:36:30,04:02:04,11:08:35
01:28:51,05:22:35,04:05:55,11:08:38
01:29:49,05:19:21,04:03:55,11:08:47
01:22:20,05:32:13,04:01:28,11:08:53
01:20:31,05:28:10,04:07:37,11:09:05
01:20:11,05:31:50,04:03:20,11:09:05
01:15:35,05:17:19,04:21:22,11:09:21
01:16:39,05:20:13,04:20:41,11:09:32
01:25:45,05:07:56,04:22:52,11:09:39
01:13:28,05:14:27,04:29:08,11:09:42
01:18:09,05:17:17,04:19:24,11:09:48
01:05:59,05:32:58,04:15:31,11:09:54
01:17:43,05:08:45,04:27:35,11:10:00
01:19:08,04:57:34,04:44:10,11:10:02
01:19:46,05:07:23,04:31:16,11:10:15
01:36:08,05:03:32,04:21:07,11:10:18
01:28:33,05:25:42,03:55:01,11:10:21
01:18:49,05:13:30,04:21:36,11:10:25
01:47:13,05:40:23,03:26:51,11:10:27
01:17:26,05:33:24,04:06:21,11:10:32
01:19:36,05:26:09,04:14:06,11:10:39
01:11:38,05:38:39,04:06:32,11:10:42
01:17:35,05:19:24,04:20:29,11:10:44
01:06:34,04:56:50,04:53:56,11:11:06
01:23:21,05:43:53,03:49:13,11:11:13
01:19:37,05:34:47,04:02:05,11:11:14
01:12:52,05:19:21,04:28:30,11:11:15
01:47:27,05:29:34,03:35:26,11:11:16
01:22:49,05:16:51,04:17:34,11:11:20
01:19:28,05:29:36,04:05:40,11:11:26
01:36:00,05:33:44,03:46:29,11:11:49
01:06:41,05:48:13,03:57:22,11:11:53
01:14:17,05:13:52,04:29:25,11:11:57
01:29:09,05:06:34,04:21:40,11:11:58
01:19:17,05:45:46,03:54:48,11:12:09
01:20:13,05:21:34,04:15:52,11:12:11
01:15:12,05:40:45,03:56:37,11:12:20
01:37:57,05:32:57,03:47:53,11:12:44
01:17:39,05:16:21,04:25:47,11:12:45
01:21:03,05:38:03,04:03:52,11:13:09
01:21:55,05:28:56,03:59:39,11:13:23
01:11:39,05:31:06,04:15:21,11:13:25
01:22:24,05:48:03,03:47:14,11:13:47
01:16:24,05:31:38,04:11:22,11:13:49
01:20:01,05:32:34,04:05:27,11:13:54
01:18:43,05:19:20,04:21:47,11:13:54
01:26:39,05:22:45,04:07:25,11:14:03
01:21:03,04:59:43,04:43:18,11:14:04
01:25:13,06:02:16,03:31:14,11:14:05
01:19:12,05:07:34,04:31:57,11:14:11
01:31:52,05:17:08,04:08:25,11:14:13
01:27:21,05:32:29,03:56:01,11:14:16
01:31:58,05:29:17,04:01:08,11:14:25
01:14:44,05:02:03,04:44:56,11:14:29
01:13:47,05:36:37,04:11:06,11:14:37
01:12:11,05:46:57,03:58:01,11:14:40
01:11:48,05:18:05,04:27:39,11:14:41
01:13:16,05:38:39,04:06:21,11:14:43
01:12:01,05:22:04,04:25:10,11:14:54
01:03:46,05:19:47,04:39:50,11:14:56
01:22:35,05:37:34,03:58:45,11:15:08
01:27:27,05:09:49,04:24:50,11:15:24
01:22:36,05:36:58,04:03:06,11:15:38
01:22:20,05:20:51,04:14:49,11:15:43
01:24:23,05:17:27,04:22:35,11:15:53
01:19:06,05:40:13,04:00:17,11:15:58
01:21:08,05:34:33,04:01:31,11:15:59
01:01:57,05:17:44,04:47:46,11:16:01
01:13:54,05:40:24,04:10:18,11:16:02
01:15:28,05:32:33,04:06:26,11:16:07
01:43:50,05:15:09,03:58:57,11:16:08
01:15:33,05:52:38,03:47:40,11:16:13
01:27:30,05:17:09,04:17:19,11:16:27
01:22:08,05:27:56,04:11:11,11:16:37
01:29:44,05:18:32,04:10:20,11:16:42
01:24:08,05:45:27,03:52:29,11:16:52
01:10:39,05:35:53,04:14:19,11:17:00
01:17:25,05:24:02,04:19:13,11:17:16
01:20:57,05:32:23,04:02:46,11:17:19
01:29:09,05:39:50,03:51:59,11:17:22
01:24:18,05:33:18,04:01:45,11:17:24
01:22:55,05:30:09,04:05:58,11:17:27
01:41:59,05:44:19,03:37:38,11:17:37
01:12:22,05:34:16,04:15:20,11:17:40
01:32:49,05:35:28,03:56:52,11:17:44
01:13:55,05:24:14,04:28:52,11:17:45
01:19:03,05:44:47,03:59:07,11:17:52
01:31:45,05:12:37,04:20:30,11:17:57
01:24:20,05:58:59,03:31:03,11:18:08
01:08:28,04:56:29,05:05:05,11:18:08
01:24:43,05:08:56,04:29:47,11:18:34
01:19:05,05:39:52,04:07:16,11:18:36
01:42:32,05:42:59,03:41:45,11:18:43
01:11:37,05:28:22,04:23:16,11:18:47
01:20:13,05:43:33,03:57:55,11:18:48
01:37:24,05:30:13,03:57:54,11:19:08
01:18:55,05:37:43,04:06:26,11:19:24
01:21:50,05:31:34,04:08:00,11:19:31
01:20:40,06:00:47,03:43:53,11:19:37
01:24:01,05:40:18,04:03:47,11:19:39
01:24:53,05:24:44,04:11:23,11:19:39
01:23:01,05:32:22,04:04:55,11:19:51
01:21:46,05:40:34,04:00:58,11:19:54
01:19:29,05:10:15,04:36:56,11:20:01
01:31:42,05:27:03,04:10:45,11:20:12
01:27:56,05:28:29,04:10:20,11:20:13
01:17:19,05:23:40,04:29:06,11:20:19
01:19:07,05:38:30,04:05:10,11:20:29
01:13:33,05:34:45,04:17:59,11:20:32
01:26:36,05:27:02,04:14:21,11:20:34
01:24:02,05:22:13,04:20:49,11:20:38
01:34:59,05:42:08,03:47:06,11:20:38
01:19:41,05:19:34,04:27:26,11:20:44
01:16:34,05:32:02,04:15:59,11:20:45
01:31:26,05:39:58,03:54:18,11:20:47
01:33:58,05:14:51,04:20:59,11:20:54
01:31:37,05:15:04,04:18:37,11:21:13
01:33:52,05:17:22,04:17:00,11:21:28
01:25:27,05:26:28,04:17:42,11:21:29
01:29:18,05:17:39,04:23:25,11:21:35
01:22:44,05:09:09,04:34:44,11:21:39
01:22:50,05:37:03,04:11:13,11:21:45
01:27:47,05:27:39,04:11:31,11:21:46
01:38:31,05:59:00,03:25:19,11:21:49
01:20:08,05:24:47,04:22:54,11:21:58
01:17:34,05:28:48,04:17:04,11:22:00
01:15:23,05:32:59,04:15:34,11:22:15
01:13:33,05:01:57,04:51:31,11:22:18
01:22:10,05:25:50,04:16:13,11:22:37
01:10:44,05:30:43,04:22:39,11:22:43
01:19:20,05:41:22,04:05:16,11:22:45
01:33:30,05:39:34,03:52:57,11:22:45
01:17:51,05:19:55,04:31:28,11:22:51
01:39:28,05:21:40,04:11:00,11:23:02
01:22:22,05:13:31,04:37:48,11:23:05
01:16:30,05:31:28,04:22:08,11:23:09
01:15:34,05:42:44,04:14:35,11:23:14
01:21:08,05:28:11,04:21:29,11:23:18
01:13:21,05:27:11,04:31:41,11:23:20
01:08:29,05:17:02,04:42:25,11:23:29
01:42:37,05:38:28,03:51:08,11:23:29
01:04:19,05:24:15,04:45:08,11:23:31
01:27:50,05:34:26,04:08:41,11:23:47
01:17:15,05:10:42,04:38:57,11:23:49
01:24:22,05:37:39,04:07:21,11:23:59
01:34:29,05:23:19,04:10:58,11:24:01
01:20:02,05:51:14,03:53:22,11:24:03
01:29:53,05:05:07,04:37:23,11:24:08
01:13:37,05:20:28,04:38:12,11:24:28
01:22:00,05:39:15,04:10:00,11:24:33
01:40:03,05:26:33,04:03:03,11:24:34
01:13:29,05:39:20,04:19:24,11:24:37
01:22:06,05:52:17,03:57:15,11:24:49
01:13:45,05:24:05,04:14:07,11:25:03
01:19:37,05:18:03,04:25:23,11:25:08
01:16:47,05:40:41,04:11:31,11:25:16
01:27:56,05:12:24,04:30:15,11:25:37
01:40:34,05:21:24,04:09:26,11:25:37
01:24:41,05:37:18,04:04:48,11:25:44
01:15:55,05:41:16,04:10:00,11:25:47
01:18:22,05:52:02,04:00:00,11:25:52
01:28:28,05:24:39,04:17:06,11:25:54
01:16:42,06:02:04,03:55:27,11:26:21
01:09:36,05:27:55,04:33:57,11:26:28
01:34:33,05:39:25,03:58:27,11:26:44
01:32:18,05:10:52,04:29:41,11:26:55
01:31:43,05:36:48,04:03:51,11:26:56
01:04:23,05:29:01,04:43:06,11:26:59
01:24:12,05:35:43,04:08:56,11:27:15
01:19:34,05:24:54,04:26:46,11:27:22
01:24:24,05:33:50,04:11:34,11:27:23
01:25:34,05:37:57,04:06:17,11:27:24
01:18:58,05:32:43,04:25:25,11:27:24
01:13:00,05:49:18,04:13:11,11:27:41
01:26:10,05:53:31,03:46:47,11:27:53
01:35:21,05:37:57,03:58:14,11:27:53
01:33:39,05:12:24,04:18:51,11:27:53
01:24:32,05:39:21,04:12:10,11:27:54
00:59:47,06:15:46,03:53:39,11:28:06
01:25:50,05:25:53,04:22:13,11:28:24
01:23:43,05:47:42,03:59:46,11:28:25
01:12:04,05:29:35,04:28:26,11:28:26
01:21:11,05:30:09,04:25:01,11:28:28
01:27:18,05:32:39,04:15:50,11:28:40
01:10:26,05:20:12,04:40:48,11:28:46
01:34:47,05:09:52,04:23:04,11:28:48
01:17:19,05:43:05,04:12:33,11:29:03
01:33:36,05:20:03,04:16:59,11:29:04
01:18:21,05:46:43,04:09:08,11:29:05
01:23:12,05:42:38,04:03:22,11:29:13
01:38:05,04:53:01,04:43:30,11:29:15
01:06:45,05:47:22,04:23:36,11:29:22
01:14:38,05:25:08,04:35:14,11:29:23
01:36:15,05:30:27,04:07:25,11:29:25
01:18:28,05:36:34,04:18:15,11:29:35
01:20:16,05:45:17,03:59:44,11:29:47
01:26:39,05:35:15,04:09:59,11:29:52
01:29:40,05:30:36,04:18:00,11:29:54
01:28:01,05:39:37,04:06:37,11:29:55
01:34:52,05:24:39,04:12:19,11:29:57
01:17:19,06:00:03,03:57:56,11:30:00
01:23:45,05:33:52,04:15:08,11:30:09
01:29:06,05:27:54,04:18:59,11:30:09
01:30:32,05:45:33,04:02:59,11:30:24
01:28:08,05:18:28,04:30:34,11:30:30
01:31:42,05:35:57,04:06:38,11:30:32
01:20:48,05:27:44,04:30:22,11:30:39
01:13:40,05:34:24,04:24:05,11:30:47
01:16:11,05:48:28,04:09:42,11:30:50
01:30:16,05:42:20,04:03:01,11:30:53
01:26:02,05:35:10,04:11:25,11:30:57
01:24:11,05:20:49,04:35:05,11:30:59
01:17:16,05:43:52,04:10:22,11:31:01
01:32:29,05:42:41,04:01:45,11:31:07
01:18:53,05:37:18,04:20:18,11:31:10
01:43:10,05:24:16,04:05:41,11:31:15
01:21:25,05:33:36,04:16:59,11:31:16
01:21:53,05:36:48,04:18:02,11:31:20
01:27:42,05:40:44,04:07:03,11:31:26
01:34:24,05:16:18,04:29:03,11:31:43
01:13:06,05:07:41,04:53:14,11:31:44
01:21:52,05:49:51,04:00:29,11:31:45
01:32:07,05:09:21,04:37:29,11:31:46
01:20:43,05:36:27,04:17:18,11:31:57
01:17:38,05:18:17,04:41:52,11:31:58
01:12:50,05:28:43,04:38:22,11:32:02
01:36:54,05:36:44,03:54:07,11:32:05
01:20:25,05:31:26,04:25:01,11:32:07
01:26:48,05:32:36,04:19:44,11:32:34
01:23:29,05:44:00,04:11:02,11:32:35
01:30:16,05:39:32,04:08:32,11:32:39
01:46:18,05:36:17,03:54:34,11:32:40
01:26:40,05:35:11,04:16:13,11:32:40
01:29:37,05:47:45,04:01:37,11:32:43
01:06:54,05:32:44,04:41:04,11:32:46
01:21:16,05:51:47,04:02:43,11:32:53
01:08:34,05:44:29,04:29:56,11:32:56
01:18:00,05:19:38,04:41:15,11:33:08
01:19:13,05:47:01,04:15:59,11:33:10
01:16:13,05:31:54,04:29:55,11:33:10
01:23:32,05:37:05,04:20:48,11:33:12
01:25:23,05:26:31,04:28:41,11:33:31
01:30:14,05:24:10,04:24:48,11:33:35
01:17:37,05:02:32,05:00:39,11:33:42
01:35:50,05:45:13,03:58:57,11:33:49
01:17:34,05:50:33,04:08:24,11:33:51
01:19:51,05:38:59,04:21:30,11:34:00
01:22:13,05:56:34,03:59:03,11:34:08
01:29:02,05:53:02,03:59:10,11:34:13
01:22:22,05:14:24,04:40:30,11:34:15
01:22:37,05:37:19,04:20:23,11:34:21
01:16:38,06:39:28,03:16:27,11:34:27
00:59:17,05:46:57,04:35:15,11:34:34
01:21:52,05:38:04,04:22:48,11:34:54
01:22:29,05:42:51,04:14:03,11:35:08
01:28:03,05:34:12,04:13:39,11:35:21
01:29:18,05:48:41,04:03:13,11:35:26
01:28:33,05:38:45,04:03:06,11:35:44
01:13:10,05:43:27,04:29:08,11:35:47
01:36:58,05:58:00,03:39:36,11:35:49
01:26:42,05:56:28,03:58:50,11:35:58
01:26:46,05:40:16,04:14:04,11:36:01
01:46:56,05:38:22,03:55:29,11:36:19
01:16:57,05:31:40,04:35:07,11:36:23
01:23:42,05:43:34,04:13:57,11:36:33
01:26:46,05:21:57,04:29:39,11:36:34
01:19:14,05:44:03,04:15:50,11:36:45
01:54:47,05:46:00,03:38:47,11:36:51
01:26:20,05:47:08,04:07:51,11:36:51
01:23:36,05:41:17,04:13:00,11:36:58
01:22:59,05:17:18,04:43:30,11:37:05
01:31:02,05:38:44,04:12:35,11:37:05
01:27:58,05:15:40,04:38:13,11:37:08
01:18:42,05:37:34,04:20:30,11:37:10
01:18:34,05:36:59,04:26:34,11:37:15
01:25:27,05:35:20,04:25:01,11:37:18
01:14:48,05:51:28,04:17:34,11:37:21
01:23:48,05:49:02,04:06:32,11:37:27
01:25:54,05:10:11,04:48:09,11:37:31
01:36:03,05:23:24,04:27:14,11:37:36
01:25:33,05:38:38,04:21:00,11:37:41
01:13:27,05:45:45,04:20:59,11:37:47
01:20:11,05:11:45,04:52:13,11:37:52
01:28:36,05:44:05,04:06:39,11:37:59
01:25:10,06:24:20,03:34:01,11:38:04
01:26:14,05:39:53,04:15:17,11:38:12
01:27:35,05:27:21,04:30:48,11:38:13
01:26:09,05:37:06,04:16:30,11:38:40
01:28:21,05:25:59,04:24:49,11:38:49
01:14:54,05:58:44,04:12:48,11:38:50
01:31:26,05:28:44,04:15:15,11:38:52
01:26:19,05:25:06,04:33:47,11:38:55
01:29:57,05:16:37,04:34:05,11:38:56
01:27:27,05:44:17,04:12:21,11:38:58
01:11:20,05:33:23,04:39:38,11:39:11
01:30:35,05:40:02,04:10:25,11:39:14
01:29:46,05:27:55,04:19:19,11:39:39
01:03:17,05:27:36,04:58:12,11:39:48
01:40:13,05:37:19,04:03:42,11:39:58
01:35:28,05:11:04,04:41:58,11:39:59
01:27:17,05:17:30,04:44:33,11:40:00
01:21:55,05:44:26,04:12:44,11:40:05
01:32:33,05:37:04,04:15:34,11:40:06
01:19:42,05:25:32,04:38:48,11:40:08
01:30:21,05:30:45,04:19:03,11:40:14
01:48:13,05:51:11,03:44:31,11:40:14
01:23:33,05:43:49,04:23:10,11:40:29
01:16:09,05:29:17,04:34:16,11:40:41
01:36:52,05:40:45,04:06:14,11:40:46
01:23:21,05:21:33,04:42:05,11:40:58
01:27:04,05:45:04,04:09:15,11:40:59
01:17:40,05:37:54,04:30:26,11:41:02
01:34:08,05:45:35,04:03:45,11:41:08
01:24:27,05:32:34,04:31:46,11:41:08
01:27:14,05:32:18,04:24:47,11:41:12
00:56:17,05:33:37,04:52:36,11:41:22
01:22:03,05:45:08,04:20:23,11:41:27
01:20:17,05:28:14,04:25:47,11:41:30
01:18:57,05:35:26,04:33:58,11:41:43
01:34:25,05:35:38,04:10:49,11:41:45
01:31:07,05:14:17,04:45:32,11:41:58
01:21:34,05:18:22,04:48:22,11:42:09
01:23:11,05:50:32,04:11:23,11:42:13
01:27:33,05:27:15,04:17:56,11:42:15
01:22:36,05:46:42,04:14:49,11:42:15
01:14:23,05:29:59,04:39:08,11:42:31
01:27:21,05:44:10,04:17:49,11:42:34
01:43:50,05:16:59,04:26:54,11:42:49
01:16:14,05:21:04,04:52:24,11:43:09
01:26:51,05:55:56,04:04:51,11:43:11
01:08:18,05:43:21,04:41:46,11:43:28
01:27:23,05:46:01,04:14:51,11:43:30
01:32:51,05:23:06,04:29:12,11:43:37
01:29:37,05:42:34,04:19:00,11:43:37
01:35:23,05:37:27,04:15:59,11:43:45
01:33:36,05:54:18,03:59:35,11:43:55
01:28:26,06:03:55,03:49:20,11:44:17
01:31:20,05:56:57,04:03:11,11:44:30
01:30:33,05:34:49,04:17:32,11:44:38
01:07:55,05:24:01,04:54:28,11:44:42
01:19:11,05:48:02,04:20:58,11:44:44
01:19:43,05:36:48,04:32:54,11:44:45
01:21:47,05:59:53,04:04:28,11:44:45
01:19:19,05:28:15,04:44:09,11:44:53
01:19:50,05:22:56,04:46:30,11:45:00
01:18:17,05:54:05,04:15:05,11:45:09
01:29:15,05:41:54,04:20:07,11:45:14
01:26:57,05:44:16,04:19:53,11:45:27
01:27:33,05:45:18,04:16:46,11:45:48
01:33:19,05:33:55,04:19:05,11:45:56
01:21:46,05:15:54,04:52:55,11:46:00
01:12:48,05:49:34,04:27:27,11:46:03
01:32:53,05:35:06,04:22:37,11:46:14
01:17:37,05:39:42,04:37:55,11:46:19
01:43:06,05:24:29,04:24:12,11:46:32
01:32:49,05:19:26,04:37:47,11:46:32
01:25:56,05:47:17,04:11:47,11:46:39
01:21:48,05:31:18,04:39:50,11:46:52
01:06:13,05:22:23,04:59:15,11:46:57
01:41:54,05:30:04,04:19:53,11:47:11
01:32:35,05:41:46,04:16:13,11:47:19
01:15:52,05:41:51,04:36:37,11:47:25
01:36:42,05:26:47,04:32:07,11:47:49
01:37:23,05:41:50,04:12:54,11:47:55
01:26:01,05:40:22,04:19:04,11:47:55
01:04:47,05:46:54,04:39:20,11:47:56
01:32:44,05:21:30,04:34:13,11:47:57
01:07:48,05:06:59,05:21:33,11:47:58
01:09:28,05:51:16,04:21:38,11:48:08
01:09:59,05:24:42,04:57:56,11:48:14
01:37:17,05:44:54,04:08:58,11:48:29
01:13:34,06:02:55,04:23:12,11:48:38
01:16:03,05:43:16,04:35:28,11:48:40
01:46:30,05:31:44,04:14:42,11:48:41
01:19:09,05:48:49,04:25:41,11:48:48
01:26:46,05:29:33,04:35:44,11:48:49
01:16:43,05:37:44,04:35:24,11:49:06
01:27:20,05:38:45,04:27:11,11:49:13
01:18:04,05:39:33,04:32:48,11:49:21
01:27:29,05:55:47,04:09:52,11:49:27
01:17:27,04:59:30,05:13:19,11:49:34
01:18:29,05:14:37,04:56:54,11:49:42
01:20:29,05:54:15,04:20:37,11:49:43
01:14:16,05:29:28,04:53:04,11:49:56
01:50:29,05:42:10,04:05:46,11:50:01
01:25:07,05:56:51,04:13:00,11:50:07
01:52:26,05:38:11,03:57:58,11:50:10
01:25:35,05:23:48,04:40:37,11:50:14
01:17:14,05:36:47,04:36:03,11:50:16
01:17:32,06:09:33,04:10:11,11:50:33
01:15:12,05:48:45,04:33:03,11:50:34
01:09:45,05:48:35,04:39:42,11:50:40
01:24:17,05:57:27,04:09:28,11:51:03
01:22:19,06:05:42,04:11:02,11:51:20
01:29:49,05:53:31,04:12:59,11:51:23
01:24:52,05:49:52,04:22:41,11:51:37
01:54:05,05:46:29,03:55:13,11:51:45
01:24:11,05:49:26,04:23:09,11:52:05
01:31:29,05:51:22,04:16:54,11:52:26
01:17:36,05:41:26,04:42:23,11:52:33
01:53:14,06:02:03,03:38:45,11:52:33
01:19:42,05:32:15,04:49:49,11:52:40
01:03:24,06:14:48,04:16:05,11:52:59
01:16:27,05:56:04,04:22:03,11:53:01
01:21:25,05:35:30,04:40:56,11:53:05
01:25:46,05:30:32,04:45:28,11:53:07
01:07:12,05:26:33,05:05:07,11:53:16
01:35:43,05:34:52,04:28:46,11:53:16
01:36:34,05:33:00,04:32:00,11:53:19
01:18:07,06:15:00,04:03:35,11:53:26
01:30:53,05:52:01,04:09:24,11:53:27
01:25:03,05:41:52,04:34:47,11:53:44
01:26:28,05:49:10,04:21:08,11:53:50
01:16:51,05:38:16,04:39:59,11:53:51
01:30:47,05:45:42,04:18:21,11:53:55
01:27:17,05:56:03,04:04:33,11:53:59
01:43:38,05:54:27,03:57:02,11:54:04
01:37:42,05:39:35,04:17:49,11:54:09
01:29:07,05:45:33,04:22:02,11:54:17
01:24:38,06:01:43,04:10:28,11:54:42
01:24:52,05:58:48,04:13:21,11:54:50
01:39:00,06:14:11,03:47:30,11:54:57
01:28:42,05:34:35,04:37:18,11:54:58
01:30:26,05:40:15,04:29:22,11:55:01
01:36:40,05:23:11,04:36:34,11:55:02
01:18:29,05:56:06,04:25:36,11:55:10
01:29:06,06:01:56,04:05:18,11:55:11
01:17:11,05:30:06,04:47:53,11:55:14
01:27:34,05:21:52,04:54:44,11:55:14
01:30:48,05:44:25,04:15:50,11:55:14
01:37:34,05:40:29,04:21:04,11:55:21
01:26:57,06:03:07,04:06:06,11:55:36
01:17:53,05:47:54,04:38:34,11:55:38
01:18:50,05:33:19,04:48:39,11:55:40
01:31:53,06:04:58,04:01:56,11:55:41
01:59:23,05:30:34,04:09:43,11:55:50
01:25:02,05:59:46,04:13:59,11:56:25
01:12:33,05:57:56,04:34:36,11:56:26
01:35:26,05:22:32,04:40:13,11:56:27
01:21:56,05:29:59,04:49:42,11:56:29
01:32:00,05:16:44,04:48:26,11:56:35
01:19:59,05:19:16,04:55:39,11:56:36
01:21:24,05:29:46,04:53:11,11:56:41
01:21:56,05:50:26,04:24:39,11:56:41
01:13:11,05:18:28,05:07:04,11:56:43
01:30:04,05:38:39,04:31:46,11:56:44
01:16:17,05:51:38,04:35:43,11:57:01
01:17:03,05:46:50,04:39:43,11:57:05
01:23:13,05:34:23,04:46:24,11:57:06
01:26:48,05:05:07,05:02:34,11:57:06
01:09:19,05:42:48,04:47:44,11:57:37
01:24:55,05:16:37,05:02:41,11:57:38
01:00:57,05:48:01,04:53:44,11:57:44
01:22:07,05:44:34,04:36:12,11:57:48
01:18:15,05:48:35,04:35:42,11:58:25
01:24:50,05:52:41,04:26:31,11:58:36
01:32:23,05:50:23,04:08:11,11:58:36
01:05:19,05:55:07,04:36:07,11:58:40
01:08:00,06:09:17,04:25:38,11:58:42
01:19:08,05:48:31,04:36:22,11:58:45
01:21:03,05:51:37,04:25:16,11:58:54
01:22:58,05:54:32,04:23:43,11:59:02
01:19:18,05:41:35,04:40:37,11:59:04
01:27:29,05:53:37,04:19:55,11:59:09
01:26:17,06:01:43,04:15:47,11:59:10
01:43:25,05:33:20,04:28:14,11:59:11
01:31:08,06:09:35,04:01:48,11:59:21
01:15:51,06:04:26,04:25:33,11:59:24
01:25:33,05:44:38,04:33:40,11:59:25
01:27:32,05:57:43,04:17:10,11:59:44
01:42:03,05:31:16,04:24:58,11:59:53
01:26:55,05:58:40,04:16:18,11:59:57
01:30:12,05:32:40,04:41:09,12:00:09
01:36:18,06:08:09,04:00:01,12:00:10
01:37:28,05:44:59,04:24:33,12:00:14
01:33:33,06:03:35,04:08:56,12:00:48
01:24:36,05:46:42,04:33:57,12:00:50
01:50:03,05:48:51,04:10:27,12:00:56
01:26:17,05:30:21,04:44:24,12:00:56
01:15:45,05:31:32,04:56:01,12:00:57
01:34:08,05:34:24,04:38:06,12:01:08
01:08:16,05:51:07,04:45:28,12:01:11
01:30:05,05:45:47,04:28:34,12:01:17
01:15:48,05:30:55,04:47:11,12:01:27
01:34:23,06:03:13,04:05:34,12:01:28
01:28:26,05:22:49,04:56:00,12:01:36
01:24:23,05:54:38,04:30:42,12:01:55
01:55:54,05:46:14,04:02:03,12:02:01
01:29:41,05:37:04,04:33:13,12:02:18
01:20:57,05:46:56,04:39:02,12:02:33
01:14:11,05:37:22,04:59:09,12:02:52
01:34:00,05:49:08,04:23:04,12:03:03
01:22:10,05:51:28,04:35:00,12:03:20
01:13:25,05:47:58,04:48:05,12:03:31
01:13:53,05:53:02,04:45:29,12:03:48
01:23:43,05:37:33,04:47:21,12:03:53
01:13:20,05:52:00,04:42:47,12:04:00
01:26:58,06:22:34,03:59:45,12:04:03
01:37:46,06:02:35,04:14:16,12:04:27
01:32:26,05:42:58,04:31:19,12:04:36
01:14:35,05:57:01,04:37:54,12:04:41
01:31:04,05:58:18,04:20:36,12:04:57
01:34:51,05:46:12,04:26:13,12:05:10
01:28:40,05:38:19,04:39:04,12:05:11
01:23:34,06:04:18,04:20:45,12:05:13
01:55:19,05:43:05,04:15:49,12:05:14
01:19:52,05:42:31,04:48:38,12:05:23
01:33:52,05:53:22,04:22:40,12:05:37
01:24:54,05:59:05,04:25:47,12:05:38
01:27:59,05:31:42,04:51:57,12:05:42
01:55:33,05:51:49,04:06:51,12:05:56
01:19:22,06:42:56,03:44:55,12:05:57
01:41:20,05:42:29,04:21:33,12:06:09
01:33:07,05:45:05,04:31:33,12:06:18
01:32:24,05:45:25,04:32:04,12:06:23
01:34:31,06:09:01,04:10:13,12:06:34
01:17:10,05:36:12,04:59:40,12:06:46
01:06:13,06:13:20,04:29:06,12:06:51
01:23:59,05:18:11,05:06:21,12:06:58
01:22:45,06:04:22,04:24:16,12:06:58
01:19:33,05:51:25,04:38:40,12:07:03
01:35:27,05:40:40,04:34:01,12:07:17
01:33:50,05:48:28,04:19:45,12:07:26
01:33:09,05:29:46,04:50:06,12:07:34
01:01:10,05:50:34,04:56:01,12:08:08
01:38:31,05:55:05,04:20:18,12:08:08
01:34:31,05:45:53,04:30:33,12:08:52
01:19:58,05:48:30,04:30:34,12:08:54
01:38:19,05:38:55,04:32:10,12:08:54
01:30:31,06:07:17,03:55:15,12:09:36
01:24:17,05:40:17,04:53:36,12:09:44
01:29:09,05:55:03,04:23:20,12:09:51
01:48:38,05:28:49,04:35:35,12:09:52
01:45:10,05:43:36,04:25:53,12:10:15
01:33:45,05:46:46,04:33:16,12:10:23
01:25:59,05:23:19,05:03:03,12:10:38
01:32:50,05:50:05,04:35:29,12:10:50
01:22:30,05:59:22,04:33:27,12:11:03
01:08:47,05:35:00,05:12:42,12:11:12
01:40:37,05:45:31,04:31:59,12:11:15
01:21:09,05:45:38,04:44:38,12:11:20
01:35:44,05:35:31,04:45:24,12:11:23
01:25:20,05:53:17,04:33:36,12:12:07
01:10:07,06:07:16,04:40:31,12:12:13
01:35:07,05:39:28,04:44:58,12:12:21
01:23:42,06:15:47,04:15:42,12:12:23
01:24:04,06:07:40,04:23:18,12:12:46
01:18:40,05:51:31,04:48:26,12:12:47
01:40:03,05:38:44,04:34:15,12:12:48
01:27:18,06:13:08,04:17:45,12:12:48
01:41:56,06:08:06,04:10:20,12:13:15
01:34:40,05:42:30,04:38:31,12:13:27
01:21:15,05:57:49,04:37:16,12:13:35
02:12:47,05:40:54,04:05:56,12:14:07
01:22:24,06:14:04,04:17:48,12:14:12
01:22:06,05:39:28,04:52:27,12:14:20
01:47:01,05:41:44,04:31:22,12:14:31
01:11:15,06:22:43,04:23:50,12:14:36
01:26:23,05:43:35,04:45:40,12:15:10
01:39:59,05:52:10,04:17:40,12:15:12
01:30:01,06:22:55,03:55:09,12:15:23
01:22:07,06:03:51,04:28:16,12:15:24
01:27:32,05:58:07,04:28:37,12:15:46
01:24:48,06:09:33,04:20:02,12:15:59
01:14:41,05:53:25,04:53:22,12:16:04
01:36:53,05:53:33,04:27:11,12:16:08
01:29:57,06:02:13,04:29:36,12:16:32
01:12:48,05:21:32,05:34:54,12:16:39
01:35:07,05:55:53,04:28:47,12:17:08
01:44:37,05:44:25,04:17:05,12:17:16
01:16:06,06:10:43,04:32:42,12:17:19
01:46:12,05:55:31,04:22:25,12:17:57
01:42:51,06:00:15,04:13:26,12:18:11
01:43:09,05:59:11,04:16:54,12:18:21
01:28:28,06:49:24,03:47:32,12:18:26
01:29:29,05:56:24,04:37:47,12:18:40
01:24:43,05:59:22,04:41:25,12:19:03
01:53:35,06:09:50,03:57:20,12:19:25
01:28:24,05:30:54,05:03:47,12:19:26
01:42:50,05:49:49,04:30:40,12:19:30
01:32:37,05:56:38,04:32:35,12:19:32
01:20:01,06:29:07,04:22:32,12:19:35
01:18:22,05:50:34,04:51:10,12:19:36
01:27:35,05:36:14,05:03:24,12:19:39
01:59:03,05:42:09,04:20:25,12:19:52
01:27:57,05:49:11,04:39:36,12:20:22
01:31:32,05:41:13,04:50:37,12:20:32
01:29:54,06:01:02,04:29:58,12:20:38
01:45:02,05:40:59,04:37:30,12:20:42
01:32:08,05:51:44,04:40:47,12:20:58
01:20:42,05:57:03,04:44:24,12:21:38
01:27:20,05:59:56,04:35:47,12:21:44
01:15:41,05:47:37,04:58:06,12:21:58
01:23:51,05:24:28,05:17:24,12:22:13
01:55:15,05:38:02,04:31:40,12:22:31
01:18:17,05:51:36,04:56:39,12:22:38
01:37:54,05:26:15,04:59:40,12:22:39
01:25:44,06:01:40,04:41:57,12:22:39
01:28:28,05:33:14,04:45:05,12:22:47
01:21:54,06:48:01,03:56:11,12:23:12
01:12:49,05:59:49,04:57:44,12:23:18
01:29:33,06:05:16,04:24:59,12:23:31
01:22:02,05:53:40,04:46:07,12:23:36
01:52:40,05:50:57,04:22:18,12:23:42
01:17:54,06:02:53,04:50:09,12:23:44
01:18:58,05:56:39,04:39:39,12:23:49
01:17:24,06:07:47,04:44:31,12:23:50
01:23:39,06:01:54,04:39:09,12:24:05
01:42:01,06:06:52,04:14:10,12:24:26
01:19:52,06:24:35,04:25:43,12:24:42
01:37:13,05:50:53,04:38:34,12:25:04
01:29:12,06:10:04,04:31:03,12:25:06
01:10:56,05:39:31,05:18:38,12:25:13
01:33:13,05:45:53,04:47:45,12:25:21
01:26:53,05:38:52,04:59:53,12:25:32
01:22:30,05:56:04,04:46:16,12:25:35
01:21:06,05:57:01,04:44:43,12:25:36
01:20:25,06:09:34,04:33:08,12:25:43
01:11:33,06:18:49,04:38:22,12:26:19
01:28:41,06:02:12,04:36:32,12:26:39
01:36:50,06:06:56,04:21:48,12:26:41
01:27:41,05:44:12,04:57:20,12:26:49
01:29:22,05:42:19,05:02:42,12:26:51
01:51:37,06:11:21,04:06:25,12:27:00
01:43:38,06:19:49,03:56:03,12:27:36
01:30:32,06:05:20,04:38:11,12:28:00
01:24:22,05:45:34,04:58:58,12:28:34
01:08:58,05:56:31,04:56:29,12:28:36
01:33:39,06:07:12,04:30:08,12:28:54
01:47:06,06:22:40,04:00:06,12:29:13
01:27:51,05:30:53,05:17:37,12:29:32
01:20:23,05:38:51,05:13:59,12:30:01
01:48:01,05:52:03,04:36:57,12:30:14
01:28:20,06:12:12,04:34:35,12:30:18
01:36:47,06:41:28,03:52:40,12:30:20
01:48:26,05:52:15,04:34:40,12:30:48
01:22:57,05:54:14,04:51:29,12:31:04
01:36:32,05:55:00,04:37:14,12:31:10
01:27:07,05:59:42,04:44:40,12:31:24
01:28:27,06:22:43,04:23:59,12:31:33
01:17:56,05:55:23,05:00:26,12:31:38
01:32:31,05:45:55,05:00:00,12:31:51
01:31:07,05:52:25,04:45:10,12:32:03
02:02:01,05:58:47,04:17:10,12:32:22
01:15:45,05:55:16,05:03:05,12:32:45
01:32:22,05:53:04,04:47:27,12:32:50
01:13:53,05:40:50,05:23:59,12:33:13
01:24:23,06:07:07,04:45:56,12:33:22
01:09:29,05:56:58,05:15:16,12:33:23
01:34:43,06:04:17,04:34:48,12:33:26
00:59:51,06:25:36,04:55:05,12:33:31
01:06:00,07:11:10,03:57:05,12:33:46
01:28:43,06:05:08,04:45:40,12:33:47
01:32:29,06:14:02,04:31:59,12:33:47
01:36:29,05:56:36,04:41:25,12:33:49
01:15:19,05:27:00,05:39:35,12:34:00
01:31:40,06:07:13,04:37:36,12:34:08
01:26:14,05:59:02,04:51:47,12:34:17
01:37:34,06:10:55,04:31:45,12:34:22
01:08:26,06:22:03,04:41:13,12:34:31
01:28:00,06:02:50,04:39:55,12:34:34
01:03:55,05:53:12,05:23:00,12:34:35
01:28:40,06:00:10,04:51:59,12:34:55
01:38:40,06:15:39,04:23:55,12:35:06
01:38:23,05:57:58,04:44:25,12:35:17
01:26:05,06:14:22,04:39:25,12:35:27
01:39:43,06:16:53,04:22:03,12:35:35
01:15:12,06:13:14,04:49:18,12:36:09
01:27:42,05:37:21,05:05:02,12:36:51
01:41:36,05:22:19,05:20:03,12:37:12
01:31:04,06:17:56,04:37:29,12:37:14
01:20:10,06:47:06,04:11:54,12:37:26
01:20:24,06:17:53,04:45:04,12:37:30
01:31:47,06:06:06,04:45:53,12:37:39
01:36:30,05:39:39,05:05:58,12:37:51
01:26:31,06:38:35,04:15:34,12:38:23
01:25:36,05:23:56,05:30:37,12:38:32
01:19:45,06:11:44,04:45:19,12:38:34
01:41:41,05:53:52,04:39:31,12:38:47
01:22:36,06:17:54,04:31:02,12:38:54
01:45:35,06:31:45,04:01:12,12:38:57
01:46:55,06:20:07,04:13:49,12:39:15
01:17:17,05:32:33,05:40:25,12:39:19
01:26:58,05:54:28,04:55:55,12:39:27
01:37:24,06:05:41,04:30:04,12:39:36
01:18:47,06:31:59,04:34:13,12:39:41
02:12:40,05:25:04,04:37:14,12:39:45
01:04:40,06:13:38,04:57:01,12:39:54
01:18:52,05:51:27,05:16:17,12:40:17
01:39:34,05:42:25,04:57:08,12:40:19
02:03:31,05:59:04,04:23:57,12:40:34
01:37:31,05:31:29,05:11:45,12:40:34
01:44:34,05:51:57,04:45:08,12:40:38
01:11:22,05:22:06,05:53:22,12:40:44
01:35:36,05:49:49,05:00:48,12:40:56
01:57:05,05:50:15,04:35:32,12:41:02
01:19:00,05:59:14,05:00:00,12:41:08
01:17:05,05:47:35,05:20:03,12:41:33
01:33:33,06:08:30,04:29:46,12:41:35
01:41:09,05:51:53,04:51:14,12:41:40
01:23:30,05:55:48,05:10:36,12:41:41
01:42:42,05:50:45,04:50:43,12:41:52
01:38:48,06:04:22,04:40:34,12:41:58
01:28:50,05:52:48,04:57:01,12:42:17
01:17:36,05:54:27,05:17:09,12:42:22
01:43:39,05:40:11,04:57:59,12:42:50
01:26:20,05:25:57,05:20:40,12:42:54
01:21:24,06:05:16,04:57:45,12:43:07
01:28:07,06:14:24,04:48:40,12:43:11
01:40:46,06:15:13,04:22:41,12:43:36
01:29:30,05:54:35,05:03:44,12:43:52
01:44:02,06:20:15,04:19:14,12:43:55
01:38:40,06:06:37,04:33:08,12:44:17
01:34:09,06:03:10,04:39:06,12:44:24
01:26:54,05:56:52,05:08:21,12:44:42
01:46:26,06:07:00,04:39:34,12:44:45
01:23:12,05:41:23,05:28:19,12:44:54
01:39:33,05:47:35,05:02:41,12:44:56
01:19:16,06:04:43,05:04:59,12:45:07
01:10:58,06:08:55,05:04:57,12:45:11
01:15:04,06:00:34,04:58:26,12:45:22
01:33:55,06:11:01,04:37:50,12:45:30
01:41:11,06:13:04,04:38:27,12:45:32
01:08:44,05:49:32,05:32:44,12:45:37
01:30:09,05:51:01,04:48:10,12:45:38
01:32:50,06:14:51,04:44:27,12:45:43
01:30:04,06:04:07,04:55:38,12:45:56
01:24:09,06:26:27,04:29:04,12:46:07
01:16:37,06:40:46,04:27:36,12:46:09
01:59:52,05:45:26,04:44:23,12:46:28
01:35:13,05:37:41,05:14:29,12:46:36
01:33:00,06:04:56,04:43:53,12:47:10
01:39:41,05:52:19,04:56:03,12:47:24
01:23:08,05:40:03,05:26:57,12:47:24
01:15:40,06:33:31,04:30:45,12:47:33
01:16:11,05:37:15,05:36:36,12:47:37
01:30:23,06:32:21,04:26:15,12:47:40
01:36:48,06:19:20,04:33:56,12:47:52
01:24:36,05:44:13,05:23:36,12:48:07
01:32:45,06:15:42,04:42:54,12:48:11
01:25:58,05:56:56,05:07:27,12:48:13
01:06:45,06:07:09,05:13:32,12:48:16
01:18:16,05:43:30,05:31:44,12:48:23
01:38:57,06:20:20,04:30:54,12:48:24
01:26:43,06:10:16,04:45:42,12:48:36
01:33:29,06:26:22,04:33:58,12:49:26
01:22:46,06:36:26,04:30:53,12:49:49
01:33:08,05:35:03,05:22:43,12:50:00
01:33:15,05:48:05,05:12:15,12:50:02
01:22:11,06:09:54,04:59:43,12:50:18
01:32:05,05:57:18,05:08:43,12:50:34
01:41:52,05:52:09,05:00:42,12:50:37
01:39:55,06:21:17,04:32:06,12:51:10
01:28:56,05:35:13,05:17:46,12:51:12
01:46:58,06:08:22,04:37:39,12:51:34
01:22:54,06:46:57,04:23:43,12:51:40
01:27:09,06:12:48,04:49:59,12:51:40
01:30:16,05:58:52,05:07:56,12:52:00
01:27:38,06:03:01,05:03:27,12:52:07
01:47:39,06:10:27,04:37:13,12:52:10
01:22:55,06:03:48,05:02:48,12:52:25
01:17:34,05:19:53,05:58:07,12:52:34
01:26:38,05:26:32,05:46:31,12:52:41
01:38:54,06:06:28,04:44:37,12:52:47
01:23:38,06:02:12,05:12:45,12:53:02
01:30:23,06:22:57,04:39:26,12:53:04
01:37:27,05:30:05,05:28:15,12:53:15
01:27:25,06:40:10,04:22:47,12:53:24
01:34:03,06:05:19,04:53:07,12:53:25
01:23:44,06:28:59,04:36:26,12:53:37
01:26:25,06:07:17,04:58:12,12:53:45
01:40:14,06:05:03,04:42:52,12:54:03
01:42:21,06:17:33,04:36:09,12:54:16
01:40:19,06:17:33,04:40:14,12:54:42
01:32:23,05:43:55,05:21:13,12:54:44
01:31:19,06:29:33,04:37:03,12:54:45
01:40:08,06:03:59,04:46:43,12:54:45
01:45:20,06:07:26,04:43:46,12:54:59
01:28:33,06:04:47,05:01:10,12:55:13
01:37:12,06:03:35,04:57:34,12:55:17
01:26:39,06:17:52,04:47:19,12:55:31
01:29:34,05:49:48,05:22:01,12:55:35
01:19:29,06:31:01,04:49:58,12:55:35
01:30:45,05:44:28,05:25:41,12:55:38
01:33:41,06:27:56,04:32:54,12:55:39
01:22:30,06:04:20,05:13:09,12:55:39
01:23:02,06:33:10,04:39:47,12:56:16
01:50:10,05:58:19,04:30:49,12:56:22
01:43:05,06:06:38,04:38:30,12:56:31
01:25:56,05:52:59,05:19:52,12:56:33
01:28:33,06:02:53,05:10:53,12:56:51
01:23:30,05:55:36,05:16:38,12:56:55
01:30:34,05:47:42,05:22:13,12:57:25
01:35:04,05:34:05,05:18:24,12:57:34
01:44:31,06:01:50,04:50:17,12:57:36
01:18:03,06:01:19,05:23:09,12:57:44
01:43:41,06:19:43,04:39:09,12:57:54
01:18:31,06:35:52,04:42:14,12:58:01
01:33:41,05:46:27,05:18:40,12:58:04
01:35:02,06:05:48,04:59:33,12:58:06
01:41:22,06:41:54,04:20:22,12:58:20
01:36:55,06:19:33,04:47:06,12:58:32
01:36:48,06:03:43,05:03:32,12:58:37
01:21:46,06:37:34,04:46:39,12:59:44
01:20:23,06:13:31,05:03:56,12:59:52
01:21:04,06:13:08,05:10:56,12:59:53
01:47:52,06:05:11,04:35:39,13:00:35
01:47:31,06:17:34,04:32:06,13:00:37
01:17:20,06:59:32,04:28:16,13:00:43
01:39:37,05:23:48,05:30:56,13:00:46
01:32:04,05:57:32,05:14:23,13:00:59
01:19:28,06:12:59,05:11:42,13:01:00
01:45:13,06:06:43,04:50:35,13:01:05
01:32:01,05:32:27,05:43:27,13:01:08
01:30:45,06:22:26,04:44:47,13:01:11
01:32:50,06:32:03,04:42:18,13:02:18
01:21:17,05:58:30,05:20:26,13:02:29
01:30:45,06:01:55,05:13:39,13:02:30
01:41:35,06:17:56,04:50:43,13:02:33
01:38:10,06:43:48,04:21:31,13:02:44
01:42:05,06:04:42,04:55:56,13:02:45
01:41:29,05:57:02,05:09:26,13:02:59
01:25:56,06:13:22,05:07:01,13:03:16
01:16:08,06:09:59,05:22:42,13:03:18
01:10:12,05:38:56,06:03:31,13:03:21
01:58:50,06:03:08,04:42:47,13:03:25
01:33:24,06:24:32,04:48:30,13:03:32
01:53:59,05:54:57,04:54:59,13:03:56
01:30:33,06:22:09,04:48:30,13:03:59
02:06:32,05:54:35,04:47:56,13:04:01
01:19:09,06:24:57,05:05:27,13:04:52
01:40:40,05:37:08,05:22:28,13:05:14
01:37:08,06:00:02,05:07:12,13:05:41
01:26:52,05:55:22,05:29:18,13:06:28
01:31:48,06:30:42,04:46:16,13:07:23
01:38:17,05:37:23,05:34:36,13:08:09
01:30:30,06:23:27,04:49:13,13:08:18
01:31:43,06:12:09,05:08:24,13:08:53
01:23:15,06:25:54,04:49:19,13:08:57
01:22:49,06:25:05,04:57:13,13:09:22
01:44:04,05:53:51,05:15:17,13:09:29
01:21:17,06:15:53,05:19:44,13:09:57
01:08:42,06:28:33,05:12:43,13:10:03
01:41:05,06:05:10,05:04:21,13:10:35
01:51:21,06:25:06,04:39:08,13:11:07
01:12:19,05:14:43,06:35:25,13:11:17
01:27:02,05:21:40,06:06:35,13:11:21
01:46:16,05:35:52,05:28:23,13:11:33
01:31:16,06:02:48,05:14:02,13:11:55
01:25:56,06:08:40,05:24:21,13:11:59
01:45:34,06:31:47,04:34:16,13:12:01
01:16:34,06:10:53,05:25:27,13:12:03
01:31:32,05:46:00,05:34:50,13:12:08
01:35:10,06:14:16,05:05:48,13:12:17
01:29:11,05:47:52,05:39:21,13:12:40
01:40:10,06:12:09,05:00:27,13:12:51
01:33:49,06:02:20,05:13:38,13:12:58
01:14:59,06:36:05,04:58:27,13:13:03
01:27:06,06:39:35,04:44:09,13:13:14
01:40:56,07:02:32,04:15:31,13:13:19
01:37:41,06:11:57,04:47:00,13:13:47
01:33:33,06:42:32,04:39:33,13:14:04
01:31:32,06:14:13,05:07:29,13:14:51
01:44:24,06:16:22,04:59:57,13:15:16
01:42:58,05:57:10,05:14:38,13:15:16
01:54:00,06:13:41,04:50:33,13:15:16
01:35:18,06:08:19,05:15:15,13:15:49
01:42:16,06:03:55,05:07:53,13:16:06
01:35:51,05:52:12,05:02:34,13:16:12
01:21:34,06:13:59,05:12:49,13:16:23
01:34:19,06:18:20,04:59:34,13:16:29
01:19:18,06:05:04,05:28:44,13:16:33
01:50:16,05:46:06,05:22:00,13:17:44
01:32:42,06:09:51,05:12:36,13:17:58
01:26:34,05:59:50,05:28:19,13:17:59
01:45:34,05:59:35,05:20:12,13:18:54
01:06:16,05:46:44,06:12:05,13:19:08
01:26:54,06:40:00,04:52:41,13:19:12
01:32:35,06:14:13,05:00:48,13:19:13
01:26:01,06:12:54,05:21:25,13:19:33
01:32:53,06:02:26,05:24:15,13:19:45
02:05:16,06:02:28,04:48:47,13:19:51
01:24:35,06:04:26,05:32:45,13:20:12
01:31:10,06:22:32,05:09:22,13:20:28
01:25:15,05:26:11,06:12:39,13:20:44
01:31:58,06:30:16,04:58:16,13:21:07
01:30:13,06:15:49,05:12:41,13:21:19
01:23:46,06:09:08,05:32:58,13:21:27
01:34:56,06:20:13,05:12:41,13:21:30
01:13:08,07:06:18,04:46:57,13:21:53
01:18:30,06:18:08,05:25:19,13:21:57
01:41:51,06:27:18,04:56:13,13:21:58
01:24:36,06:16:16,05:24:43,13:21:59
01:30:12,06:28:43,05:01:02,13:22:26
01:40:13,05:59:03,05:21:39,13:22:47
01:49:51,05:55:49,05:21:45,13:23:33
01:33:13,06:10:44,05:17:44,13:23:37
01:51:11,06:22:30,04:55:19,13:24:03
01:34:32,06:17:26,05:06:14,13:24:13
01:31:30,06:03:33,05:33:18,13:24:20
01:51:14,06:08:23,05:03:29,13:24:23
01:46:02,06:39:13,04:39:38,13:24:28
01:45:16,05:45:09,05:38:47,13:24:50
01:43:09,06:10:45,05:19:13,13:25:14
01:19:28,06:10:06,05:34:17,13:25:15
01:22:58,06:23:49,05:26:49,13:25:17
01:54:54,06:33:49,04:42:51,13:25:21
01:45:09,06:12:40,05:01:44,13:25:44
01:31:44,05:58:07,05:39:41,13:25:51
01:28:33,06:00:43,05:29:32,13:25:59
01:47:29,06:33:51,04:45:58,13:26:13
01:16:17,05:59:33,05:49:40,13:26:24
01:30:52,05:43:29,05:49:55,13:26:24
01:21:03,06:14:22,05:25:15,13:26:24
02:00:21,06:05:12,05:03:27,13:26:53
01:28:40,05:49:57,05:55:02,13:27:11
01:55:13,06:41:00,04:30:16,13:27:28
01:23:18,06:30:54,05:14:07,13:27:28
01:10:40,06:04:00,05:51:58,13:27:45
01:28:15,06:53:17,04:40:45,13:27:49
01:25:55,05:59:54,05:43:34,13:27:59
01:49:48,06:07:51,05:13:47,13:28:06
01:34:14,06:02:12,05:28:24,13:28:25
02:02:53,06:43:32,04:24:35,13:29:01
01:58:50,06:05:22,05:00:33,13:29:04
01:35:40,06:26:49,04:56:50,13:29:12
01:51:28,06:43:25,04:33:22,13:29:36
01:28:44,06:40:53,04:51:54,13:29:59
01:15:44,06:23:28,05:26:29,13:30:14
01:16:15,06:38:43,05:15:11,13:30:37
01:35:03,06:58:06,04:31:06,13:30:47
01:17:24,06:44:23,05:09:36,13:31:20
01:23:42,06:45:18,04:52:41,13:31:29
01:52:54,05:45:11,05:34:35,13:31:49
01:34:13,06:17:34,05:15:27,13:31:55
02:04:41,06:18:31,04:48:05,13:32:02
01:37:34,06:18:19,05:09:47,13:32:46
01:40:17,06:20:04,05:15:04,13:32:47
01:23:58,05:41:50,06:11:10,13:32:52
01:52:44,06:31:03,04:37:49,13:33:12
01:40:22,06:00:41,05:33:39,13:33:17
01:47:42,05:45:28,05:46:38,13:33:29
01:33:06,06:08:52,05:22:56,13:33:43
01:20:47,05:26:42,06:29:09,13:33:43
01:38:26,06:51:01,04:39:22,13:33:45
02:07:52,06:17:59,04:33:44,13:34:08
01:08:17,05:45:22,06:25:30,13:34:23
01:50:52,05:50:50,05:33:23,13:34:25
01:38:28,06:41:10,04:58:30,13:34:28
01:27:54,06:45:25,05:03:41,13:34:43
01:47:51,05:59:57,05:27:12,13:34:47
01:42:01,06:37:03,04:53:16,13:34:54
01:38:07,06:39:17,04:55:16,13:34:56
01:43:28,05:46:53,05:46:44,13:34:57
01:43:07,06:20:35,05:09:37,13:34:58
01:43:54,06:10:45,05:16:57,13:35:14
01:28:39,05:59:08,05:47:16,13:35:43
01:51:55,06:34:35,04:41:13,13:36:17
01:49:07,06:42:35,04:44:13,13:36:54
01:43:30,06:17:52,05:16:17,13:37:00
01:24:07,07:02:57,04:49:55,13:37:35
01:43:35,06:54:43,04:42:55,13:37:53
01:37:41,06:35:50,04:59:19,13:37:58
01:46:54,06:40:57,04:45:34,13:38:06
02:17:54,05:48:54,05:14:09,13:38:14
01:31:16,06:38:00,05:01:26,13:38:16
01:52:14,06:09:44,05:15:19,13:39:01
01:40:00,06:11:30,05:20:46,13:39:22
01:33:24,06:09:16,05:31:58,13:39:38
01:53:01,06:07:00,05:08:35,13:39:44
01:23:02,05:46:29,06:13:02,13:39:55
01:31:26,06:22:11,05:25:11,13:40:16
01:30:52,06:26:20,05:25:17,13:40:35
01:40:17,06:24:33,05:11:41,13:40:50
01:28:01,06:20:52,05:23:15,13:41:07
01:25:44,06:43:38,05:09:18,13:41:43
01:41:07,07:15:43,04:28:47,13:41:52
01:44:59,06:37:37,05:03:47,13:42:10
01:42:13,06:36:52,05:11:33,13:42:21
01:19:51,05:51:33,06:10:50,13:42:22
01:34:40,06:23:51,05:28:47,13:42:31
01:08:03,05:49:55,06:24:55,13:42:57
01:40:54,05:58:36,05:45:28,13:43:04
01:36:39,06:50:29,04:49:54,13:43:17
01:45:21,06:30:30,05:07:50,13:43:47
01:28:55,06:31:32,05:26:47,13:43:51
01:34:14,07:12:46,04:30:31,13:43:52
01:16:06,06:29:10,05:26:19,13:44:25
01:25:36,06:30:35,05:31:20,13:44:26
01:25:14,06:49:20,05:14:21,13:44:46
01:14:53,05:07:36,07:09:06,13:44:51
01:46:33,06:19:49,05:14:42,13:44:55
01:36:39,06:35:27,05:15:39,13:44:58
01:25:57,05:50:13,06:14:03,13:45:18
01:15:50,06:56:29,05:14:28,13:45:19
01:31:38,06:04:28,05:53:26,13:45:27
01:33:03,07:00:11,04:52:15,13:45:41
01:41:11,05:56:33,05:48:45,13:45:46
01:34:41,06:32:45,05:14:01,13:46:32
01:23:40,06:19:13,05:44:49,13:46:43
01:39:25,06:28:09,05:12:06,13:46:44
01:32:21,07:08:25,04:45:18,13:46:45
01:31:37,06:34:16,05:19:09,13:47:23
01:44:18,06:21:58,05:22:21,13:47:25
01:51:09,06:01:44,05:19:46,13:47:47
01:40:47,05:35:58,06:11:32,13:47:55
01:25:12,07:19:02,04:49:39,13:48:44
01:20:50,06:02:26,06:09:04,13:49:30
01:39:26,06:42:34,05:06:25,13:49:37
01:30:41,06:35:59,05:27:35,13:50:00
01:41:19,06:51:27,05:01:10,13:50:19
01:39:11,07:05:45,04:51:15,13:50:27
01:21:30,06:41:15,05:28:31,13:50:38
01:15:13,05:56:14,06:15:35,13:50:57
01:48:11,06:44:13,04:59:15,13:51:09
01:34:11,05:46:07,06:11:04,13:52:07
01:47:11,06:33:30,05:17:28,13:52:07
01:44:31,07:43:25,04:03:56,13:52:13
01:22:07,06:45:18,05:25:14,13:52:24
01:32:03,06:55:23,05:03:09,13:52:48
01:53:35,06:53:22,04:35:02,13:52:54
01:39:14,06:23:40,05:26:47,13:53:02
01:53:41,06:16:31,05:13:56,13:53:23
01:32:07,05:36:27,06:14:14,13:53:40
01:44:20,06:30:21,05:17:46,13:53:49
01:30:26,06:29:39,05:36:25,13:54:30
02:02:35,06:44:25,04:48:34,13:54:38
01:49:03,06:41:19,05:06:13,13:55:22
01:28:32,06:08:48,05:59:08,13:56:00
01:19:16,06:37:49,05:42:02,13:56:19
01:42:39,05:58:48,05:49:54,13:56:32
01:35:51,06:46:42,05:14:10,13:56:50
01:32:03,06:23:12,05:36:12,13:57:04
01:31:12,06:11:52,05:47:45,13:57:17
01:35:33,06:04:59,06:04:35,13:57:50
01:24:47,06:26:46,05:53:49,13:59:20
01:16:17,06:29:47,05:37:24,13:59:41
01:42:44,07:03:10,04:47:51,13:59:47
01:29:45,06:44:34,05:30:53,14:00:00
01:36:03,06:25:59,05:37:34,14:00:50
01:33:01,07:08:55,04:59:27,14:01:32
01:37:10,06:19:11,05:42:00,14:01:34
02:17:56,06:25:40,05:00:34,14:02:19
01:19:52,06:23:43,06:06:40,14:02:38
01:27:23,06:36:13,05:43:32,14:02:48
01:25:19,06:22:01,05:56:20,14:03:59
01:42:32,06:53:32,05:02:35,14:04:39
01:23:43,06:24:45,05:55:24,14:04:54
01:31:28,06:27:42,05:45:40,14:05:07
01:34:27,06:58:35,05:09:37,14:05:11
01:39:21,06:36:07,05:24:13,14:05:17
02:12:08,05:53:10,05:41:43,14:05:41
01:55:54,05:57:33,05:37:55,14:06:25
01:28:33,06:43:29,05:39:51,14:06:30
01:57:27,06:28:22,05:16:46,14:07:04
01:50:55,06:35:38,05:21:32,14:07:33
01:39:19,06:15:54,05:57:01,14:08:02
01:30:44,06:37:43,05:36:30,14:08:08
01:49:48,06:36:19,05:24:22,14:08:20
01:33:34,06:33:35,05:35:38,14:08:39
01:20:37,06:40:34,05:30:03,14:09:06
01:36:38,06:37:19,05:24:22,14:09:11
01:38:02,06:59:10,05:11:37,14:09:30
01:30:16,06:25:05,05:54:29,14:09:43
01:39:36,06:53:40,05:08:36,14:09:43
01:41:05,06:37:45,05:27:26,14:09:49
02:01:10,06:09:13,05:39:32,14:09:59
01:34:51,06:30:44,05:42:16,14:10:02
01:40:28,06:51:29,05:09:00,14:10:15
01:54:08,06:26:08,05:34:34,14:10:20
01:51:42,06:33:03,05:21:23,14:11:30
01:35:33,06:48:44,05:26:28,14:12:04
01:20:08,07:00:26,05:36:20,14:14:03
01:33:51,06:36:38,05:48:21,14:14:07
01:26:49,06:46:57,05:43:31,14:14:17
01:33:16,06:38:17,05:42:15,14:15:20
01:40:35,06:47:26,05:30:13,14:15:27
02:10:54,06:12:34,05:34:45,14:15:40
02:08:14,06:50:21,04:58:58,14:16:03
01:37:14,06:46:09,05:38:17,14:16:06
01:52:30,06:32:36,05:21:57,14:16:21
01:29:01,07:17:58,05:12:13,14:16:42
01:37:55,06:00:48,06:13:03,14:17:01
02:13:22,07:04:19,04:38:13,14:17:04
01:38:16,06:31:59,05:51:06,14:17:14
01:42:47,06:10:31,06:02:57,14:17:15
01:45:01,06:35:36,05:43:07,14:18:00
01:34:42,06:47:18,05:30:37,14:18:03
01:25:10,06:45:30,05:40:51,14:18:12
01:44:01,06:09:00,06:07:34,14:18:33
01:42:46,06:46:13,05:29:00,14:18:43
01:24:22,06:34:34,06:03:02,14:18:48
01:19:44,06:42:37,05:40:50,14:18:50
01:32:00,06:56:27,05:15:44,14:19:46
01:35:58,07:07:35,05:15:32,14:19:56
01:40:31,07:25:25,04:52:30,14:20:05
02:05:01,06:19:41,05:29:57,14:20:17
02:05:10,06:50:31,05:01:32,14:20:21
01:37:04,06:37:58,05:50:29,14:21:13
01:42:21,06:31:48,05:31:18,14:21:21
01:37:55,06:41:37,05:38:06,14:21:25
01:36:00,07:02:21,05:19:47,14:21:26
01:22:48,06:09:17,06:27:33,14:21:46
01:45:45,06:44:40,05:21:17,14:21:57
01:18:46,06:54:54,05:50:02,14:22:10
01:47:14,06:20:42,05:36:28,14:22:16
01:27:38,06:26:37,06:10:37,14:22:18
01:17:24,06:34:38,06:09:01,14:22:19
01:29:11,06:30:20,05:54:15,14:22:25
01:42:09,06:55:10,05:25:49,14:22:39
01:38:38,06:30:47,05:53:02,14:22:50
01:54:31,06:30:17,05:32:31,14:22:58
01:47:07,06:52:29,05:22:14,14:23:06
01:51:08,06:46:25,05:20:53,14:24:19
01:30:33,06:53:49,05:44:11,14:25:51
01:36:22,06:00:05,06:26:31,14:25:55
01:27:27,07:36:52,04:57:34,14:26:07
01:41:57,06:27:47,05:52:30,14:26:47
01:27:06,06:42:14,05:55:03,14:27:34
01:31:53,06:36:04,06:06:26,14:27:41
01:42:33,06:44:47,05:35:48,14:27:46
01:33:15,06:45:36,05:54:00,14:28:43
01:51:13,06:40:48,05:25:59,14:28:50
01:43:36,06:51:07,05:35:38,14:28:59
01:51:22,06:39:07,05:40:25,14:29:30
01:50:38,07:01:06,05:20:00,14:29:54
01:40:59,06:20:48,06:07:29,14:30:15
01:35:50,06:36:15,06:02:07,14:30:36
01:39:38,06:49:56,05:40:50,14:30:44
01:38:41,06:21:32,06:11:13,14:31:47
01:16:13,06:39:23,06:22:10,14:32:21
02:07:44,06:21:25,05:51:30,14:33:23
01:41:34,06:23:39,06:10:36,14:33:33
01:45:51,07:01:14,05:24:13,14:34:51
01:29:52,06:49:26,05:46:48,14:34:53
02:17:48,06:31:34,05:31:38,14:35:05
01:36:55,06:39:38,05:53:56,14:35:51
02:02:42,06:23:39,05:35:22,14:36:01
02:04:21,06:48:12,05:24:09,14:36:37
01:31:07,06:41:31,05:54:50,14:37:18
02:09:23,06:49:14,05:18:26,14:37:35
01:35:05,06:38:50,06:02:33,14:37:39
01:30:31,07:37:01,04:59:43,14:37:52
01:48:28,06:34:42,05:58:45,14:38:07
01:45:17,06:14:46,06:20:28,14:39:14
01:21:26,06:15:22,06:41:18,14:39:15
01:53:02,06:55:42,05:30:35,14:40:02
02:12:44,06:53:51,05:12:47,14:40:48
01:43:03,06:38:43,05:56:05,14:41:12
02:06:25,07:04:05,05:20:07,14:41:22
01:41:48,06:30:07,06:03:05,14:41:32
02:05:46,07:06:00,05:07:58,14:41:48
01:45:35,07:10:50,05:13:30,14:42:17
01:57:34,06:32:05,05:48:56,14:42:29
01:41:23,06:01:48,06:41:50,14:43:03
01:31:32,06:56:21,05:42:19,14:43:14
01:51:10,06:41:54,05:49:44,14:43:21
01:53:37,07:03:50,05:20:14,14:43:52
01:58:50,07:06:34,05:16:41,14:43:59
02:00:28,07:09:21,05:12:31,14:45:17
02:04:45,07:03:49,05:17:03,14:45:22
01:16:47,06:36:14,06:29:11,14:45:58
01:54:18,07:02:37,05:33:12,14:46:20
01:53:40,06:28:25,06:04:12,14:47:14
01:43:11,07:05:37,05:31:29,14:47:15
01:45:58,07:15:23,05:30:10,14:47:25
01:40:24,07:36:26,05:02:42,14:47:25
01:38:04,07:11:31,05:42:30,14:47:31
01:53:22,06:46:05,05:49:35,14:47:32
01:47:23,06:58:22,05:30:55,14:49:07
01:23:23,06:15:12,06:50:22,14:50:41
01:43:48,07:18:55,05:25:04,14:51:07
01:26:02,06:42:36,06:21:19,14:51:53
01:59:46,06:23:55,06:07:18,14:52:09
01:49:53,05:43:13,07:01:49,14:52:29
01:28:10,07:25:17,05:39:45,14:52:34
01:30:02,07:06:34,06:01:46,14:52:53
01:45:16,07:30:44,05:14:02,14:53:28
01:39:31,06:54:33,05:59:16,14:53:54
01:53:30,06:46:14,05:57:54,14:54:04
01:48:04,06:50:01,05:57:06,14:54:28
01:51:16,07:23:33,05:19:42,14:54:42
01:54:31,07:01:27,05:34:46,14:55:00
01:28:50,06:49:49,06:16:21,14:56:18
01:35:06,07:05:24,05:52:54,14:56:31
01:31:41,07:20:24,05:28:32,14:57:12
01:44:19,06:41:28,06:00:26,14:57:41
01:43:16,06:39:31,06:21:58,14:57:46
02:18:43,07:04:06,05:15:49,14:57:54
01:30:12,07:27:16,05:46:22,14:57:57
01:23:36,07:01:34,06:06:38,14:59:00
01:45:47,06:51:04,06:06:25,15:01:07
01:47:31,06:58:26,05:59:15,15:04:11
01:40:32,06:48:44,06:23:58,15:07:04
01:58:52,06:08:35,06:36:44,15:00:18
01:45:59,07:32:15,05:23:53,15:02:55
01:57:57,07:38:09,05:30:10,15:20:11
01:20:17,06:33:39,06:53:54,15:08:32
01:22:13,05:22:56,04:28:48,11:32:40
